// Original build-35924 contexts, including constructor/destructor exceptional cleanup.
constexpr unsigned char kMapContext0[] = {
    0xf3,0x0f,0x1e,0xfa,0x55,0x48,0x89,0xe5,0x41,0x57,0x41,0x56,0x41,0x55,0x41,0x54,
    0x53,0x48,0x81,0xec,0xc8,0x05,0x00,0x00,0x4c,0x8b,0x65,0x70,0x48,0x8b,0x5d,0x20,
    0x48,0x89,0xbd,0x98,0xfa,0xff,0xff,0x4c,0x8b,0x55,0x30,0x4c,0x8b,0x5d,0x38,0x48,
    0x89,0x8d,0x00,0xfb,0xff,0xff,0x4c,0x8b,0x7d,0x40,0x48,0x8b,0x45,0x18,0x4c,0x89,
    0xa5,0x28,0xfa,0xff,0xff,0x4c,0x8b,0x6d,0x50,0x4c,0x8b,0x65,0x78,0x48,0x89,0x9d,
    0xa0,0xfa,0xff,0xff,0x48,0x89,0x85,0xc0,0xfa,0xff,0xff,0x48,0x8b,0x45,0x68,0x4c,
    0x89,0x95,0x70,0xfa,0xff,0xff,0x4c,0x8b,0x75,0x10,0x4c,0x89,0x9d,0xa8,0xfa,0xff,
    0xff,0x4c,0x89,0xbd,0x18,0xfa,0xff,0xff,0x4c,0x89,0xa5,0x20,0xfa,0xff,0xff,0x4c,
    0x8b,0xa5,0x88,0x00,0x00,0x00,0x4c,0x89,0xad,0x68,0xfa,0xff,0xff,0x64,0x48,0x8b,
    0x0c,0x25,0x28,0x00,0x00,0x00,0x48,0x89,0x4d,0xc8,0x31,0xc9,0x48,0x89,0x57,0x08,
    0x48,0x89,0x37,0x48,0x8b,0xb5,0x00,0xfb,0xff,0xff,0xf3,0x0f,0x6f,0x18,0x48,0x8b,
    0x55,0x28,0x4c,0x89,0x7f,0x68,0x49,0x89,0xff,0x48,0x89,0x77,0x10,0x0f,0x11,0x5f,
    0x78,0xf3,0x0f,0x6f,0x60,0x10,0x48,0x89,0x57,0x38,0x48,0x8b,0x55,0x58,0x0f,0x11,
    0xa7,0x88,0x00,0x00,0x00,0xf3,0x0f,0x6f,0x68,0x20,0x48,0x89,0x57,0x48,0x48,0x8b,
    0x55,0x60,0x0f,0x11,0xaf,0x98,0x00,0x00,0x00,0xf3,0x0f,0x6f,0x70,0x30,0x48,0x89,
    0x57,0x50,0x48,0x8b,0x55,0x48,0x0f,0x11,0xb7,0xa8,0x00,0x00,0x00,0xf3,0x0f,0x6f,
    0x78,0x40,0x4c,0x89,0x47,0x18,0x0f,0x11,0xbf,0xb8,0x00,0x00,0x00,0xf3,0x0f,0x6f,
    0x58,0x50,0x4c,0x89,0x4f,0x20,0x0f,0x11,0x9f,0xc8,0x00,0x00,0x00,0xf3,0x0f,0x6f,
    0x60,0x60,0x48,0x89,0x5f,0x30,0x48,0x8d,0x9f,0xf0,0x00,0x00,0x00,0x4c,0x89,0x57,
    0x58,0x4c,0x89,0x5f,0x60,0x48,0x89,0x57,0x70,0x4c,0x89,0x77,0x28,0x4c,0x89,0x6f,
    0x40,0x0f,0x29,0xa5,0x00,0xfb,0xff,0xff,0x41,0x0f,0x11,0xa7,0xd8,0x00,0x00,0x00,
    0x48,0x8b,0x85,0x20,0xfa,0xff,0xff,0x48,0x8b,0x95,0x28,0xfa,0xff,0xff,0x48,0x8b,
    0xb5,0x80,0x00,0x00,0x00,0x48,0x89,0x87,0xe8,0x00,0x00,0x00,0x48,0x89,0xdf,0xe8,
    0x2c,0x96,0x0b,0x00,0x49,0x8d,0x87,0x08,0x01,0x00,0x00,0xbf,0x60,0x04,0x00,0x00,
    0x49,0xc7,0x87,0x08,0x01,0x00,0x00,0x00,0x00,0x00,0x00,0x49,0xc7,0x87,0x10,0x01,
    0x00,0x00,0x00,0x00,0x00,0x00,0x49,0xc7,0x87,0x18,0x01,0x00,0x00,0x00,0x00,0x00,
    0x00,0x48,0x89,0x85,0x40,0xfa,0xff,0xff,0xe8,0x33,0x86,0x86,0xfd,0x48,0x89,0xc2,
    0xb9,0x8c,0x00,0x00,0x00,0x31,0xc0,0x4c,0x89,0xf6,0x48,0x89,0xd7,0xf3,0x48,0xab,
    0x48,0x8d,0x42,0x30,0x48,0xc7,0x42,0x08,0x01,0x00,0x00,0x00,0x48,0x8d,0xbd,0x20,
    0xfc,0xff,0xff,0x48,0x89,0x02,0x48,0x8d,0x42,0x68,0x48,0x89,0x42,0x38,0x48,0x8d,
    0x82,0xa0,0x00,0x00,0x00,0x48,0x89,0x42,0x70,0x48,0x8d,0x82,0xd8,0x00,0x00,0x00,
    0x48,0x89,0x82,0xa8,0x00,0x00,0x00,0x48,0x8d,0x82,0x10,0x01,0x00,0x00,0x48,0x89,
    0x82,0xe0,0x00,0x00,0x00,0x48,0x8d,0x82,0x48,0x01,0x00,0x00,0x48,0x89,0x82,0x18,
    0x01,0x00,0x00,0x48,0x8d,0x82,0x80,0x01,0x00,0x00,0x48,0x89,0x82,0x50,0x01,0x00,
    0x00,0x48,0x8d,0x82,0xb8,0x01,0x00,0x00,0x48,0x89,0x82,0x88,0x01,0x00,0x00,0x48,
    0x8d,0x82,0xf0,0x01,0x00,0x00,0x48,0x89,0x82,0xc0,0x01,0x00,0x00,0x48,0x8d,0x82,
    0x28,0x02,0x00,0x00,0x48,0x89,0x82,0xf8,0x01,0x00,0x00,0x48,0x8d,0x82,0x60,0x02,
    0x00,0x00,0x48,0x89,0x82,0x30,0x02,0x00,0x00,0x48,0x8d,0x82,0x98,0x02,0x00,0x00,
    0xc7,0x42,0x20,0x00,0x00,0x80,0x3f,0x48,0xc7,0x42,0x40,0x01,0x00,0x00,0x00,0xc7,
    0x42,0x58,0x00,0x00,0x80,0x3f,0x48,0xc7,0x42,0x78,0x01,0x00,0x00,0x00,0xc7,0x82,
    0x90,0x00,0x00,0x00,0x00,0x00,0x80,0x3f,0x48,0xc7,0x82,0xb0,0x00,0x00,0x00,0x01,
    0x00,0x00,0x00,0xc7,0x82,0xc8,0x00,0x00,0x00,0x00,0x00,0x80,0x3f,0x48,0xc7,0x82,
    0xe8,0x00,0x00,0x00,0x01,0x00,0x00,0x00,0xc7,0x82,0x00,0x01,0x00,0x00,0x00,0x00,
    0x80,0x3f,0x48,0xc7,0x82,0x20,0x01,0x00,0x00,0x01,0x00,0x00,0x00,0xc7,0x82,0x38,
    0x01,0x00,0x00,0x00,0x00,0x80,0x3f,0x48,0xc7,0x82,0x58,0x01,0x00,0x00,0x01,0x00,
    0x00,0x00,0xc7,0x82,0x70,0x01,0x00,0x00,0x00,0x00,0x80,0x3f,0x48,0xc7,0x82,0x90,
    0x01,0x00,0x00,0x01,0x00,0x00,0x00,0xc7,0x82,0xa8,0x01,0x00,0x00,0x00,0x00,0x80,
    0x3f,0x48,0xc7,0x82,0xc8,0x01,0x00,0x00,0x01,0x00,0x00,0x00,0xc7,0x82,0xe0,0x01,
    0x00,0x00,0x00,0x00,0x80,0x3f,0x48,0xc7,0x82,0x00,0x02,0x00,0x00,0x01,0x00,0x00,
    0x00,0xc7,0x82,0x18,0x02,0x00,0x00,0x00,0x00,0x80,0x3f,0x48,0xc7,0x82,0x38,0x02,
    0x00,0x00,0x01,0x00,0x00,0x00,0x48,0x89,0x82,0x68,0x02,0x00,0x00,0x48,0x8d,0x82,
    0xd0,0x02,0x00,0x00,0x48,0x89,0x82,0xa0,0x02,0x00,0x00,0x48,0x8d,0x82,0x08,0x03,
    0x00,0x00,0x48,0x89,0x82,0xd8,0x02,0x00,0x00,0x48,0x8d,0x82,0x40,0x03,0x00,0x00,
    0x48,0x89,0x82,0x10,0x03,0x00,0x00,0x48,0x8d,0x82,0x78,0x03,0x00,0x00,0x48,0x89,
    0x82,0x48,0x03,0x00,0x00,0x48,0x8d,0x82,0xb0,0x03,0x00,0x00,0x48,0x89,0x82,0x80,
    0x03,0x00,0x00,0x48,0x8d,0x82,0xe8,0x03,0x00,0x00,0x48,0x89,0x82,0xb8,0x03,0x00,
    0x00,0x48,0x8d,0x82,0x20,0x04,0x00,0x00,0x48,0x89,0x82,0xf0,0x03,0x00,0x00,0x48,
    0x8d,0x82,0x58,0x04,0x00,0x00,0xc7,0x82,0x50,0x02,0x00,0x00,0x00,0x00,0x80,0x3f,
    0x48,0xc7,0x82,0x70,0x02,0x00,0x00,0x01,0x00,0x00,0x00,0xc7,0x82,0x88,0x02,0x00,
    0x00,0x00,0x00,0x80,0x3f,0x48,0xc7,0x82,0xa8,0x02,0x00,0x00,0x01,0x00,0x00,0x00,
    0xc7,0x82,0xc0,0x02,0x00,0x00,0x00,0x00,0x80,0x3f,0x48,0xc7,0x82,0xe0,0x02,0x00,
    0x00,0x01,0x00,0x00,0x00,0xc7,0x82,0xf8,0x02,0x00,0x00,0x00,0x00,0x80,0x3f,0x48,
    0xc7,0x82,0x18,0x03,0x00,0x00,0x01,0x00,0x00,0x00,0xc7,0x82,0x30,0x03,0x00,0x00,
    0x00,0x00,0x80,0x3f,0x48,0xc7,0x82,0x50,0x03,0x00,0x00,0x01,0x00,0x00,0x00,0xc7,
    0x82,0x68,0x03,0x00,0x00,0x00,0x00,0x80,0x3f,0x48,0xc7,0x82,0x88,0x03,0x00,0x00,
    0x01,0x00,0x00,0x00,0xc7,0x82,0xa0,0x03,0x00,0x00,0x00,0x00,0x80,0x3f,0x48,0xc7,
    0x82,0xc0,0x03,0x00,0x00,0x01,0x00,0x00,0x00,0xc7,0x82,0xd8,0x03,0x00,0x00,0x00,
    0x00,0x80,0x3f,0x48,0xc7,0x82,0xf8,0x03,0x00,0x00,0x01,0x00,0x00,0x00,0xc7,0x82,
    0x10,0x04,0x00,0x00,0x00,0x00,0x80,0x3f,0x48,0x89,0x82,0x28,0x04,0x00,0x00,0x48,
    0xc7,0x82,0x30,0x04,0x00,0x00,0x01,0x00,0x00,0x00,0xc7,0x82,0x48,0x04,0x00,0x00,
    0x00,0x00,0x80,0x3f,0x49,0x89,0x97,0x20,0x01,0x00,0x00,0x48,0x89,0xda,0x4d,0x89,
    0xa7,0x28,0x01,0x00,0x00,0x49,0xc7,0x87,0x30,0x01,0x00,0x00,0x00,0x00,0x00,0x00,
    0xe8,0x1b,0x21,0x01,0x00,0x48,0x8b,0x85,0x20,0xfc,0xff,0xff,0x49,0x8b,0xbf,0x08,
    0x01,0x00,0x00,0x48,0xc7,0x85,0x20,0xfc,0xff,0xff,0x00,0x00,0x00,0x00,0x49,0x89,
    0x87,0x08,0x01,0x00,0x00,0x48,0x8b,0x85,0x28,0xfc,0xff,0xff,0x48,0xc7,0x85,0x28,
    0xfc,0xff,0xff,0x00,0x00,0x00,0x00,0x49,0x89,0x87,0x10,0x01,0x00,0x00,0x48,0x8b,
    0x85,0x30,0xfc,0xff,0xff,0x48,0xc7,0x85,0x30,0xfc,0xff,0xff,0x00,0x00,0x00,0x00,
    0x49,0x89,0x87,0x18,0x01,0x00,0x00,0x48,0x85,0xff,0x74,0x16,0xe8,0xef,0x82,0x86,
    0xfd,0x48,0x8b,0xbd,0x20,0xfc,0xff,0xff,0x48,0x85,0xff,0x74,0x05,0xe8,0xde,0x82,
    0x86,0xfd,0x48,0x8b,0x85,0x20,0xfa,0xff,0xff,0x48,0x8b,0x18,0x4c,0x8b,0x78,0x08,
    0x4c,0x39,0xfb,0x0f,0x84,0x17,0x01,0x00,0x00,0x49,0x8d,0x46,0x48,0x4c,0x8d,0x2d,
    0xa4,0xf9,0xb8,0x02,0x48,0x89,0x85,0x00,0xfb,0xff,0xff,0x48,0x8d,0x85,0x90,0xfe,
    0xff,0xff,0x48,0x89,0x85,0x10,0xfb,0xff,0xff,0xeb,0x6d,0x2d,0x00,0x00,0x00,0x40,
    0x89,0xc2,0x83,0xe0,0x1f,0xc1,0xfa,0x05,0x48,0x63,0xd2,0x48,0xc1,0xe2,0x04,0x48,
    0x03,0x91,0xd0,0x00,0x00,0x00,0x48,0x8d,0x0c,0xc0,0x48,0x8b,0x02,0x48,0x8d,0x04,
    0xc8,0x48,0x85,0xc0,0x74,0x35,0x48,0x8b,0x48,0x20,0x48,0x39,0x48,0x18,0x74,0x2b,
    0x48,0x8b,0xbd,0x98,0xfa,0xff,0xff,0x48,0x8b,0xb7,0x10,0x01,0x00,0x00,0x48,0x3b,
    0xb7,0x18,0x01,0x00,0x00,0x0f,0x84,0xa8,0x07,0x00,0x00,0x8b,0x03,0x48,0x83,0xc6,
    0x04,0x89,0x46,0xfc,0x48,0x89,0xb7,0x10,0x01,0x00,0x00,0x48,0x83,0xc3,0x04,0x49,
    0x39,0xdf,0x0f,0x84,0x96,0x00,0x00,0x00,0x48,0x8b,0xb5,0x10,0xfb,0xff,0xff,0x48,
    0x8b,0xbd,0x00,0xfb,0xff,0xff,0x4c,0x89,0xad,0x90,0xfe,0xff,0xff,0xe8,0x9e,0x02,
    0xb7,0xfd,0x48,0x85,0xc0,0x74,0xd4,0x8b,0x40,0x10,0x83,0xe8,0x01,0x89,0xc1,0x78,
    0xca,0x4c,0x63,0xe0,0x48,0x63,0x03,0xbe,0x01,0x00,0x00,0x00,0x4c,0x89,0xe2,0x48,
    0xd3,0xe6,0x48,0xc1,0xe0,0x04,0x48,0xc1,0xea,0x06,0x49,0x03,0x86,0xc8,0x00,0x00,
    0x00,0x48,0x85,0x34,0xd0,0x74,0xa4,0x89,0xca,0x48,0x89,0xde,0x4c,0x89,0xf7,0xe8,
    0x9c,0x1a,0xb7,0xfd,0x49,0x8b,0x96,0x80,0x00,0x00,0x00,0x4a,0x8b,0x0c,0xe2,0x3d,
    0xff,0xff,0xff,0x3f,0x0f,0x8f,0x21,0xff,0xff,0xff,0x48,0x98,0x48,0x8d,0x14,0xc0,
    0x48,0x8b,0x81,0xb8,0x00,0x00,0x00,0x48,0x8d,0x04,0xd0,0xe9,0x31,0xff,0xff,0xff,
    0x48,0x8d,0x85,0x90,0xfe,0xff,0xff,0x48,0x89,0x85,0x10,0xfb,0xff,0xff,0x48,0x8b,
    0x85,0x98,0xfa,0xff,0xff,0x48,0xc7,0x85,0x98,0xfe,0xff,0xff,0x01,0x00,0x00,0x00,
    0x48,0xc7,0x85,0xa0,0xfe,0xff,0xff,0x00,0x00,0x00,0x00,0x4c,0x8b,0xa8,0x10,0x01,
    0x00,0x00,0x4c,0x8b,0xa0,0x08,0x01,0x00,0x00,0x48,0xc7,0x85,0xa8,0xfe,0xff,0xff,
    0x00,0x00,0x00,0x00,0x48,0x8b,0x85,0x10,0xfb,0xff,0xff,0xc7,0x85,0xb0,0xfe,0xff,
    0xff,0x00,0x00,0x80,0x3f,0x48,0xc7,0x85,0xb8,0xfe,0xff,0xff,0x00,0x00,0x00,0x00,
    0x48,0xc7,0x85,0xc0,0xfe,0xff,0xff,0x00,0x00,0x00,0x00,0x48,0x83,0xc0,0x30,0x48,
    0x89,0x85,0x90,0xfe,0xff,0xff,0x4c,0x89,0xe8,0x4c,0x29,0xe0,0x48,0xc1,0xf8,0x02,
    0x48,0x89,0x85,0x00,0xfb,0xff,0xff,0xdf,0xad,0x00,0xfb,0xff,0xff,0x79,0x06,0xd8,
    0x05,0xe3,0x85,0x01,0x01,0xdd,0x9d,0x18,0xfb,0xff,0xff,0xf2,0x0f,0x10,0x0d,0x8d,
    0x9a,0x0a,0x01,0xf2,0x0f,0x10,0x85,0x18,0xfb,0xff,0xff,0x66,0x0f,0x2f,0xc1,0x0f,
    0x83,0x62,0x06,0x00,0x00,0xf2,0x48,0x0f,0x2c,0xf0,0x48,0x8b,0x85,0x10,0xfb,0xff,
    0xff,0x48,0x8d,0x78,0x20,0xe8,0xa6,0x8d,0x86,0xfd,0x48,0x89,0xc3,0x48,0x3b,0x85,
    0x98,0xfe,0xff,0xff,0x76,0x20,0x48,0x83,0xf8,0x01,0x0f,0x84,0xa3,0x11,0x00,0x00,
    0x48,0x89,0xc7,0xe8,0x08,0x2d,0xff,0xff,0x48,0x89,0x85,0x90,0xfe,0xff,0xff,0x48,
    0x89,0x9d,0x98,0xfe,0xff,0xff,0x4d,0x39,0xe5,0x74,0x37,0x4c,0x89,0xe3,0x4c,0x8d,
    0xa5,0x48,0xfb,0xff,0xff,0x0f,0x1f,0x00,0x48,0x8b,0x85,0x10,0xfb,0xff,0xff,0xb9,
    0x01,0x00,0x00,0x00,0x4c,0x89,0xe2,0x48,0x89,0xde,0x48,0x89,0xc7,0x48,0x89,0x85,
    0x48,0xfb,0xff,0xff,0xe8,0x67,0x20,0xfe,0xfd,0x48,0x83,0xc3,0x04,0x49,0x39,0xdd,
    0x75,0xd6,0x48,0x8b,0x8d,0x98,0xfa,0xff,0xff,0x48,0x8b,0x81,0x10,0x01,0x00,0x00,
    0x48,0x2b,0x81,0x08,0x01,0x00,0x00,0x48,0xc1,0xf8,0x02,0x48,0x39,0x85,0xa8,0xfe,
    0xff,0xff,0x0f,0x85,0x79,0x2d,0x00,0x00,0x4c,0x8b,0xbd,0x10,0xfb,0xff,0xff,0x4c,
    0x89,0xff,0xe8,0xa9,0xb1,0xe9,0xfd,0x48,0x8d,0x05,0x2a,0xf7,0xb8,0x02,0x48,0x8d,
    0xb5,0x58,0xfb,0xff,0xff,0x48,0x89,0x85,0x58,0xfb,0xff,0xff,0x49,0x8d,0x46,0x48,
    0x48,0x89,0xc7,0x48,0x89,0xc3,0x48,0x89,0x85,0x00,0xfb,0xff,0xff,0xe8,0xfe,0x0d,
    0xb7,0xfd,0x89,0x85,0x4c,0xfa,0xff,0xff,0x4c,0x89,0xfe,0x48,0x89,0xdf,0x48,0x8d,
    0x05,0xa3,0xf7,0xb8,0x02,0x48,0x89,0x85,0x90,0xfe,0xff,0xff,0xe8,0x7f,0x00,0xb7,
    0xfd,0x48,0x85,0xc0,0x0f,0x84,0xe4,0x10,0x00,0x00,0x8b,0x40,0x10,0x48,0x8b,0x9d,
    0x98,0xfa,0xff,0xff,0x31,0xc9,0x48,0x8d,0xbd,0x10,0xfd,0xff,0xff,0x4c,0x8d,0x8d,
    0x22,0xfb,0xff,0xff,0x4c,0x8d,0x85,0x25,0xfb,0xff,0xff,0x48,0x89,0xbd,0xf0,0xfa,
    0xff,0xff,0x89,0x85,0xd0,0xfa,0xff,0xff,0x48,0x8d,0x85,0x27,0xfb,0xff,0xff,0x48,
    0x8b,0x93,0x10,0x01,0x00,0x00,0x48,0x8b,0xb3,0x08,0x01,0x00,0x00,0x50,0x48,0x8d,
    0x85,0x24,0xfb,0xff,0xff,0x50,0x48,0x8d,0x85,0x26,0xfb,0xff,0xff,0x50,0x48,0x8d,
    0x85,0x23,0xfb,0xff,0xff,0x50,0xe8,0x55,0x55,0x00,0x00,0x48,0x8b,0x83,0x10,0x01,
    0x00,0x00,0x48,0x83,0xc4,0x20,0x48,0x2b,0x83,0x08,0x01,0x00,0x00,0x48,0xc7,0x85,
    0x40,0xfc,0xff,0xff,0x00,0x00,0x00,0x00,0x48,0xc7,0x85,0x48,0xfc,0xff,0xff,0x00,
    0x00,0x00,0x00,0x48,0xc1,0xf8,0x02,0x48,0xc7,0x85,0x50,0xfc,0xff,0xff,0x00,0x00,
    0x00,0x00,0x48,0x89,0xc3,0x0f,0x84,0x98,0x28,0x00,0x00,0x48,0xba,0xaa,0xaa,0xaa,
    0xaa,0xaa,0xaa,0xaa,0x0a,0x48,0x39,0xd0,0x0f,0x87,0xe9,0x2b,0x00,0x00,0x4c,0x8d,
    0x24,0x40,0x49,0xc1,0xe4,0x03,0x4c,0x89,0xe7,0xe8,0x42,0x7f,0x86,0xfd,0x49,0x01,
    0xc4,0x48,0x89,0x85,0x40,0xfc,0xff,0xff,0x4c,0x89,0xa5,0x50,0xfc,0xff,0xff,0x48,
    0xc7,0x00,0x00,0x00,0x00,0x00,0x48,0x83,0xc0,0x18,0x48,0xc7,0x40,0xf0,0x00,0x00,
    0x00,0x00,0x48,0xc7,0x40,0xf8,0x00,0x00,0x00,0x00,0x48,0x83,0xeb,0x01,0x75,0xdf,
    0x48,0x8d,0x85,0x40,0xfc,0xff,0xff,0x4c,0x89,0xa5,0x48,0xfc,0xff,0xff,0x48,0x89,
    0x85,0x30,0xfa,0xff,0xff,0xe8,0x96,0xd2,0x35,0x00,0x48,0x8b,0x8d,0x68,0xfa,0xff,
    0xff,0x48,0x8b,0xbd,0x98,0xfa,0xff,0xff,0x4c,0x89,0xb5,0xa0,0xfc,0xff,0xff,0x48,
    0x89,0x8d,0xa8,0xfc,0xff,0xff,0x48,0x8b,0x8d,0x40,0xfa,0xff,0xff,0x48,0x8b,0xb7,
    0x10,0x01,0x00,0x00,0x48,0x2b,0xb7,0x08,0x01,0x00,0x00,0x48,0x89,0x8d,0xb0,0xfc,
    0xff,0xff,0x48,0xc1,0xfe,0x02,0x48,0x8d,0x8d,0x40,0xfc,0xff,0xff,0x48,0x89,0x8d,
    0x30,0xfa,0xff,0xff,0x48,0x89,0x8d,0xb8,0xfc,0xff,0xff,0x85,0xf6,0x74,0x24,0xff,
    0xb5,0xb8,0xfc,0xff,0xff,0x48,0x89,0xc7,0xff,0xb5,0xb0,0xfc,0xff,0xff,0xff,0xb5,
    0xa8,0xfc,0xff,0xff,0xff,0xb5,0xa0,0xfc,0xff,0xff,0xe8,0xe1,0xe6,0xff,0xff,0x48,
    0x83,0xc4,0x20,0x48,0x8d,0x85,0x50,0xfd,0xff,0xff,0x48,0x8b,0xbd,0x40,0xfc,0xff,
    0xff,0x48,0xc7,0x85,0x58,0xfd,0xff,0xff,0x01,0x00,0x00,0x00,0x4c,0x8d,0xbd,0x50,
    0xfb,0xff,0xff,0x48,0x89,0x85,0xf8,0xfa,0xff,0xff,0x48,0x83,0xc0,0x30,0x48,0x89,
    0x85,0x50,0xfd,0xff,0xff,0x48,0x8b,0x85,0x48,0xfc,0xff,0xff,0x48,0xc7,0x85,0x60,
    0xfd,0xff,0xff,0x00,0x00,0x00,0x00,0x48,0xc7,0x85,0x68,0xfd,0xff,0xff,0x00,0x00,
    0x00,0x00,0xc7,0x85,0x70,0xfd,0xff,0xff,0x00,0x00,0x80,0x3f,0x48,0xc7,0x85,0x78,
    0xfd,0xff,0xff,0x00,0x00,0x00,0x00,0x48,0xc7,0x85,0x80,0xfd,0xff,0xff,0x00,0x00,
    0x00,0x00,0x48,0x89,0x85,0xe0,0xfa,0xff,0xff,0x48,0x89,0xbd,0xe8,0xfa,0xff,0xff,
    0x48,0x39,0xc7,0x0f,0x84,0x3e,0x27,0x00,0x00,0x48,0x8b,0x85,0xe8,0xfa,0xff,0xff,
    0x4c,0x8b,0x68,0x08,0x48,0x8b,0x18,0x48,0x8b,0x85,0xf8,0xfa,0xff,0xff,0x4d,0x89,
    0xec,0x49,0x29,0xdc,0x48,0x89,0x85,0x50,0xfb,0xff,0xff,0x49,0xc1,0xfc,0x02,0x74,
    0x4b,0x49,0x39,0xdd,0x75,0x1d,0xeb,0x44,0x0f,0x1f,0x84,0x00,0x00,0x00,0x00,0x00,
    0x49,0x83,0xfc,0x01,0x74,0x27,0x48,0x83,0xc3,0x04,0x49,0x83,0xec,0x01,0x49,0x39,
    0xdd,0x74,0x29,0x48,0x8b,0xbd,0xf8,0xfa,0xff,0xff,0x4c,0x89,0xe1,0x4c,0x89,0xfa,
    0x48,0x89,0xde,0xe8,0x68,0x1d,0xfe,0xfd,0x80,0xfa,0x01,0x75,0xd3,0x48,0x83,0xc3,
    0x04,0x41,0xbc,0x01,0x00,0x00,0x00,0x49,0x39,0xdd,0x75,0xd7,0x48,0x83,0x85,0xe8,
    0xfa,0xff,0xff,0x18,0x48,0x8b,0x85,0xe8,0xfa,0xff,0xff,0x48,0x39,0x85,0xe0,0xfa,
    0xff,0xff,0x0f,0x85,0x71,0xff,0xff,0xff,0x48,0x8b,0x85,0x60,0xfd,0xff,0xff,0x48,
    0xc7,0x85,0x60,0xfc,0xff,0xff,0x00,0x00,0x00,0x00,0x48,0xc7,0x85,0x68,0xfc,0xff,
    0xff,0x00,0x00,0x00,0x00,0x48,0x89,0x85,0xd8,0xfa,0xff,0xff,0x48,0xc7,0x85,0x70,
    0xfc,0xff,0xff,0x00,0x00,0x00,0x00,0x48,0x85,0xc0,0x0f,0x84,0x2e,0x2a,0x00,0x00,
    0x8b,0x8d,0xd0,0xfa,0xff,0xff,0xba,0x01,0x00,0x00,0x00,0x83,0xe9,0x01,0x48,0x63,
    0xc1,0x48,0xd3,0xe2,0x89,0x8d,0xd0,0xfa,0xff,0xff,0x48,0x89,0xc7,0x48,0xc1,0xe0,
    0x03,0x48,0x89,0x95,0x90,0xfa,0xff,0xff,0x48,0x89,0x85,0x80,0xfa,0xff,0xff,0x48,
    0x63,0x85,0x4c,0xfa,0xff,0xff,0x48,0xc1,0xef,0x06,0x48,0x89,0xbd,0xb0,0xfa,0xff,
    0xff,0x48,0xc1,0xe0,0x03,0x48,0x89,0x85,0x38,0xfa,0xff,0xff,0x48,0x8d,0x85,0x60,
    0xfc,0xff,0xff,0x48,0x89,0x85,0x88,0xfa,0xff,0xff,0x48,0x8d,0x85,0x20,0xff,0xff,
    0xff,0x48,0x89,0x85,0x78,0xfa,0xff,0xff,0x48,0x83,0xc0,0x08,0x48,0x89,0x85,0x60,
    0xfa,0xff,0xff,0xe9,0x72,0x01,0x00,0x00,0x2d,0x00,0x00,0x00,0x40,0x89,0xc2,0x83,
    0xe0,0x1f,0xc1,0xfa,0x05,0x48,0xc1,0xe0,0x04,0x48,0x63,0xd2,0x48,0xc1,0xe2,0x04,
    0x48,0x03,0x91,0xd0,0x00,0x00,0x00,0x48,0x03,0x02,0x48,0x89,0x85,0xc8,0xfa,0xff,
    0xff,0x48,0x83,0xbd,0xc8,0xfa,0xff,0xff,0x00,0x0f,0x84,0x21,0x01,0x00,0x00,0x8b,
    0x85,0x50,0xfe,0xff,0xff,0x48,0x8b,0xb5,0x10,0xfb,0xff,0xff,0x48,0x8b,0xbd,0x00,
    0xfb,0xff,0xff,0x89,0x85,0x28,0xfb,0xff,0xff,0x48,0x8d,0x05,0x30,0xe3,0xb8,0x02,
    0x48,0x89,0x85,0x90,0xfe,0xff,0xff,0xe8,0xc4,0xfc,0xb6,0xfd,0x48,0x85,0xc0,0x74,
    0x38,0x8b,0x40,0x10,0x83,0xe8,0x01,0x89,0xc1,0x78,0x2e,0x48,0x63,0xd8,0x48,0x63,
    0x85,0x28,0xfb,0xff,0xff,0xba,0x01,0x00,0x00,0x00,0x48,0x89,0xde,0x48,0xd3,0xe2,
    0x48,0xc1,0xe0,0x04,0x48,0xc1,0xee,0x06,0x49,0x03,0x86,0xc8,0x00,0x00,0x00,0x48,
    0x85,0x14,0xf0,0x0f,0x85,0x81,0x01,0x00,0x00,0x48,0x8b,0xbd,0x00,0xfb,0xff,0xff,
    0x48,0x8d,0x05,0xc9,0xe2,0xb8,0x02,0x48,0x8d,0xb5,0x60,0xfb,0xff,0xff,0x48,0x89,
    0x85,0x60,0xfb,0xff,0xff,0xe8,0xc6,0x09,0xb7,0xfd,0x48,0x63,0xd8,0x48,0x8d,0xb5,
    0x28,0xfb,0xff,0xff,0x4c,0x89,0xf7,0x89,0xda,0xe8,0x92,0x14,0xb7,0xfd,0x49,0x8b,
    0x96,0x80,0x00,0x00,0x00,0x48,0x8b,0x0c,0xda,0x3d,0xff,0xff,0xff,0x3f,0x0f,0x8e,
    0xb0,0x09,0x00,0x00,0x2d,0x00,0x00,0x00,0x40,0x89,0xc2,0x83,0xe0,0x1f,0xc1,0xfa,
    0x05,0x48,0x8d,0x1c,0x40,0x48,0x63,0xd2,0x48,0xc1,0xe3,0x05,0x48,0xc1,0xe2,0x04,
    0x48,0x03,0x91,0xd0,0x00,0x00,0x00,0x48,0x03,0x1a,0x8b,0x43,0x18,0x48,0x63,0xc8,
    0x48,0x8b,0x03,0x48,0x8d,0x14,0xcd,0x00,0x00,0x00,0x00,0x89,0x8d,0xe8,0xfa,0xff,
    0xff,0x48,0x29,0xca,0x48,0x8d,0x34,0x90,0x80,0x7e,0x18,0x00,0x0f,0x85,0xef,0x05,
    0x00,0x00,0x48,0x8b,0xbd,0xf0,0xfa,0xff,0xff,0xe8,0xf2,0x9b,0x6d,0xfe,0x48,0x85,
    0xc0,0x0f,0x84,0xce,0x05,0x00,0x00,0x66,0x0f,0x1f,0x84,0x00,0x00,0x00,0x00,0x00,
    0x48,0x8b,0x85,0xd8,0xfa,0xff,0xff,0x48,0x8b,0x00,0x48,0x89,0x85,0xd8,0xfa,0xff,
    0xff,0x48,0x85,0xc0,0x0f,0x84,0x40,0x09,0x00,0x00,0x48,0x8b,0x85,0xd8,0xfa,0xff,
    0xff,0x8b,0x95,0xd0,0xfa,0xff,0xff,0x48,0x63,0x40,0x08,0x89,0x85,0x50,0xfe,0xff,
    0xff,0x85,0xd2,0x78,0xcb,0x48,0x8b,0x8d,0xb0,0xfa,0xff,0xff,0x48,0xc1,0xe0,0x04,
    0x49,0x03,0x86,0xc8,0x00,0x00,0x00,0x48,0x8b,0xbd,0x90,0xfa,0xff,0xff,0x48,0x85,
    0x3c,0xc8,0x74,0xac,0x48,0x8d,0x85,0x50,0xfe,0xff,0xff,0x4c,0x89,0xf7,0x48,0x89,
    0xc6,0x48,0x89,0x85,0xb8,0xfa,0xff,0xff,0xe8,0xa3,0x13,0xb7,0xfd,0x49,0x8b,0x96,
    0x80,0x00,0x00,0x00,0x48,0x8b,0xbd,0x80,0xfa,0xff,0xff,0x48,0x8b,0x0c,0x3a,0x3d,
    0xff,0xff,0xff,0x3f,0x0f,0x8f,0x1e,0xfe,0xff,0xff,0x48,0x98,0x48,0xc1,0xe0,0x04,
    0x48,0x03,0x81,0xb8,0x00,0x00,0x00,0x48,0x89,0x85,0xc8,0xfa,0xff,0xff,0xe9,0x2e,
    0xfe,0xff,0xff,0x48,0x8b,0xbd,0x40,0xfa,0xff,0xff,0x48,0x89,0xda,0xe8,0xfe,0x99,
    0xbf,0xfd,0xe9,0x54,0xf8,0xff,0xff,0xf2,0x0f,0x5c,0xc1,0xf2,0x48,0x0f,0x2c,0xf0,
    0x48,0x0f,0xba,0xfe,0x3f,0xe9,0x90,0xf9,0xff,0xff,0x48,0x8d,0xb5,0x28,0xfb,0xff,
    0xff,0x89,0xca,0x4c,0x89,0xf7,0xe8,0x35,0x13,0xb7,0xfd,0x49,0x8b,0x96,0x80,0x00,
    0x00,0x00,0x48,0x8b,0x0c,0xda,0x3d,0xff,0xff,0xff,0x3f,0x0f,0x8e,0xb8,0x04,0x00,
    0x00,0x2d,0x00,0x00,0x00,0x40,0x89,0xc2,0x83,0xe0,0x1f,0xc1,0xfa,0x05,0x48,0x63,
    0xd2,0x48,0xc1,0xe2,0x04,0x48,0x03,0x91,0xd0,0x00,0x00,0x00,0x48,0x89,0xc1,0x48,
    0xc1,0xe1,0x04,0x48,0x8b,0x12,0x48,0x01,0xc8,0x4c,0x8d,0x2c,0xc2,0x4d,0x85,0xed,
    0x0f,0x84,0x23,0xfe,0xff,0xff,0x49,0x63,0x45,0x34,0x49,0x8b,0x75,0x00,0x48,0x8b,
    0xbd,0xf0,0xfa,0xff,0xff,0x48,0x8d,0x1c,0x40,0x49,0x89,0xc4,0x48,0xc1,0xe3,0x02,
    0x48,0x01,0xde,0xe8,0x98,0x9a,0x6d,0xfe,0x48,0x89,0x85,0xe8,0xfa,0xff,0xff,0x48,
    0x85,0xc0,0x0f,0x85,0xa8,0xfe,0xff,0xff,0x41,0x8d,0x44,0x24,0x01,0x45,0x89,0xe7,
    0x89,0x85,0xe0,0xfa,0xff,0xff,0x41,0x83,0xef,0x01,0x78,0x5d,0x48,0x8d,0x53,0xf4,
    0x4c,0x89,0xb5,0x58,0xfa,0xff,0xff,0x4c,0x8b,0xa5,0xf0,0xfa,0xff,0xff,0x48,0x89,
    0x9d,0x50,0xfa,0xff,0xff,0x49,0x89,0xd6,0x44,0x89,0xfb,0xeb,0x13,0x0f,0x1f,0x00,
    0x83,0xeb,0x01,0x49,0x83,0xee,0x0c,0x83,0xfb,0xff,0x0f,0x84,0xc1,0x03,0x00,0x00,
    0x49,0x8b,0x75,0x00,0x4c,0x89,0xe7,0x44,0x8d,0x7b,0x01,0x4c,0x01,0xf6,0xe8,0x2d,
    0x9a,0x6d,0xfe,0x48,0x85,0xc0,0x74,0xd8,0x4c,0x8b,0xb5,0x58,0xfa,0xff,0xff,0x48,
    0x8b,0x9d,0x50,0xfa,0xff,0xff,0x45,0x89,0xfc,0x49,0x8b,0x75,0x00,0x49,0x8b,0x45,
    0x08,0x48,0xba,0xab,0xaa,0xaa,0xaa,0xaa,0xaa,0xaa,0xaa,0x8b,0x8d,0xe0,0xfa,0xff,
    0xff,0x48,0x29,0xf0,0x48,0xc1,0xf8,0x02,0x48,0x0f,0xaf,0xc2,0x41,0x89,0xc7,0x39,
    0xc1,0x7d,0x5b,0x48,0x83,0xc3,0x0c,0x44,0x89,0xa5,0x58,0xfa,0xff,0xff,0x41,0x89,
    0xcc,0x4c,0x89,0xb5,0x50,0xfa,0xff,0xff,0x49,0x89,0xde,0x48,0x8b,0x9d,0xf0,0xfa,
    0xff,0xff,0xeb,0x15,0x0f,0x1f,0x40,0x00,0x41,0x83,0xc4,0x01,0x49,0x83,0xc6,0x0c,
    0x45,0x39,0xe7,0x74,0x14,0x49,0x8b,0x75,0x00,0x4c,0x01,0xf6,0x48,0x89,0xdf,0xe8,
    0xac,0x99,0x6d,0xfe,0x48,0x85,0xc0,0x74,0xdf,0x44,0x89,0xa5,0xe0,0xfa,0xff,0xff,
    0x4c,0x8b,0xb5,0x50,0xfa,0xff,0xff,0x44,0x8b,0xa5,0x58,0xfa,0xff,0xff,0x48,0x8b,
    0xbd,0x00,0xfb,0xff,0xff,0x48,0x8d,0x05,0xd4,0xdf,0xb8,0x02,0x48,0x8d,0xb5,0x68,
    0xfb,0xff,0xff,0x48,0x89,0x85,0x68,0xfb,0xff,0xff,0xe8,0xc1,0x06,0xb7,0xfd,0x48,
    0x63,0xd8,0x48,0x8b,0xb5,0xb8,0xfa,0xff,0xff,0x4c,0x89,0xf7,0x89,0xda,0xe8,0x8d,
    0x11,0xb7,0xfd,0x49,0x8b,0x96,0x80,0x00,0x00,0x00,0x48,0x8b,0x0c,0xda,0x3d,0xff,
    0xff,0xff,0x3f,0x0f,0x8e,0xf4,0x02,0x00,0x00,0x2d,0x00,0x00,0x00,0x40,0x89,0xc2,
    0x83,0xe0,0x1f,0xc1,0xfa,0x05,0x48,0x63,0xd2,0x48,0xc1,0xe2,0x04,0x48,0x03,0x91,
    0xd0,0x00,0x00,0x00,0x48,0x89,0xc1,0x48,0xc1,0xe1,0x04,0x48,0x8b,0x12,0x48,0x01,
    0xc8,0x48,0x8d,0x34,0xc2,0x48,0x8b,0xbd,0x10,0xfb,0xff,0xff,0xe8,0x5f,0x73,0xd0,
    0xfd,0x48,0x8b,0x85,0xc8,0xfa,0xff,0xff,0x48,0x8b,0xbd,0x90,0xfe,0xff,0xff,0x0f,
    0xb6,0x40,0x0c,0x88,0x85,0xc8,0xfa,0xff,0xff,0x84,0xc0,0x75,0x21,0x48,0x8b,0x85,
    0x98,0xfe,0xff,0xff,0x48,0x29,0xf8,0x48,0xc1,0xf8,0x02,0x69,0xc0,0xab,0xaa,0xaa,
    0xaa,0x3b,0x85,0xe0,0xfa,0xff,0xff,0x0f,0x95,0x85,0xc8,0xfa,0xff,0xff,0x48,0x63,
    0x85,0xe0,0xfa,0xff,0xff,0x48,0xba,0xab,0xaa,0xaa,0xaa,0xaa,0xaa,0xaa,0xaa,0x4c,
    0x8d,0x2c,0x40,0x49,0x63,0xc4,0x48,0x8d,0x04,0x40,0x49,0xc1,0xe5,0x02,0x48,0xc1,
    0xe0,0x02,0x4a,0x8d,0x1c,0x2f,0x49,0x29,0xc5,0x4c,0x8d,0x3c,0x07,0x4c,0x89,0xe8,
    0x48,0xc1,0xf8,0x02,0x48,0x0f,0xaf,0xc2,0x48,0x85,0xc0,0x74,0x29,0x48,0xba,0x55,
    0x55,0x55,0x55,0x55,0x55,0x55,0x15,0x48,0x39,0xd0,0x0f,0x87,0x9c,0x24,0x00,0x00,
    0x4c,0x89,0xef,0xe8,0xf8,0x77,0x86,0xfd,0x48,0x89,0x85,0xe8,0xfa,0xff,0xff,0x48,
    0x8b,0xbd,0x90,0xfe,0xff,0xff,0x48,0x8b,0x95,0xe8,0xfa,0xff,0xff,0x49,0x01,0xd5,
    0x4c,0x39,0xfb,0x0f,0x84,0xe1,0x07,0x00,0x00,0x4c,0x89,0xf8,0x0f,0x1f,0x40,0x00,
    0x48,0x8b,0x08,0x48,0x83,0xc0,0x0c,0x48,0x83,0xc2,0x0c,0x48,0x89,0x4a,0xf4,0x8b,
    0x48,0xfc,0x89,0x4a,0xfc,0x48,0x39,0xc3,0x75,0xe6,0x48,0x8d,0x43,0xf4,0x48,0x8b,
    0x8d,0xe8,0xfa,0xff,0xff,0x4c,0x29,0xf8,0x48,0xc1,0xe8,0x02,0x48,0x8d,0x44,0x81,
    0x0c,0x48,0x8b,0x8d,0xe8,0xfa,0xff,0xff,0x48,0x89,0x85,0x98,0xfe,0xff,0xff,0x4c,
    0x89,0xad,0xa0,0xfe,0xff,0xff,0x48,0x89,0x8d,0x90,0xfe,0xff,0xff,0x48,0x85,0xff,
    0x74,0x05,0xe8,0x69,0x77,0x86,0xfd,0x8b,0x95,0xc4,0xfe,0xff,0xff,0x0f,0xb6,0xb5,
    0x14,0xff,0xff,0xff,0x44,0x29,0xe2,0x89,0x95,0xc4,0xfe,0xff,0xff,0x40,0x84,0xf6,
    0x74,0x07,0x44,0x29,0xa5,0xec,0xfe,0xff,0xff,0x85,0xd2,0x0f,0x88,0xf0,0x23,0x00,
    0x00,0x48,0x8b,0x8d,0x98,0xfe,0xff,0xff,0x48,0xbf,0xab,0xaa,0xaa,0xaa,0xaa,0xaa,
    0xaa,0xaa,0x48,0x89,0xc8,0x48,0x2b,0x85,0x90,0xfe,0xff,0xff,0x48,0xc1,0xf8,0x02,
    0x48,0x0f,0xaf,0xc7,0x39,0xc2,0x0f,0x8d,0xe4,0x23,0x00,0x00,0x40,0x84,0xf6,0x74,
    0x19,0x8b,0x95,0xec,0xfe,0xff,0xff,0x39,0xd0,0x0f,0x8e,0xf0,0x23,0x00,0x00,0x85,
    0xd2,0x79,0x07,0xc6,0x85,0x14,0xff,0xff,0xff,0x00,0x8b,0x51,0xf4,0x8b,0x41,0xf8,
    0x48,0x8d,0xb5,0xe0,0xfb,0xff,0xff,0x4c,0x89,0xf7,0xc7,0x85,0xb0,0xfe,0xff,0xff,
    0x00,0x00,0x80,0x3f,0x89,0x95,0xe0,0xfb,0xff,0xff,0x8b,0x95,0x4c,0xfa,0xff,0xff,
    0x89,0x85,0xe4,0xfb,0xff,0xff,0xe8,0x85,0x0f,0xb7,0xfd,0x49,0x8b,0x96,0x80,0x00,
    0x00,0x00,0x48,0x8b,0xbd,0x38,0xfa,0xff,0xff,0x48,0x8b,0x0c,0x3a,0x3d,0xff,0xff,
    0xff,0x3f,0x0f,0x8e,0xcf,0x00,0x00,0x00,0x2d,0x00,0x00,0x00,0x40,0x89,0xc2,0x83,
    0xe0,0x1f,0xc1,0xfa,0x05,0x48,0x63,0xd2,0x48,0xc1,0xe2,0x04,0x48,0x03,0x91,0xd0,
    0x00,0x00,0x00,0x48,0x8d,0x0c,0xc0,0x48,0x8b,0x02,0x48,0x8d,0x14,0xc8,0x48,0x63,
    0x85,0xe4,0xfb,0xff,0xff,0x48,0x8b,0x9d,0x60,0xfa,0xff,0xff,0x48,0x8b,0xb5,0x10,
    0xfb,0xff,0xff,0x48,0x8d,0x0c,0x40,0x48,0x89,0xdf,0x48,0x8d,0x0c,0x88,0x48,0x8b,
    0x42,0x18,0xf3,0x0f,0x10,0x44,0xc8,0x48,0x8b,0x85,0x50,0xfe,0xff,0xff,0xf3,0x0f,
    0x11,0x85,0xb4,0xfe,0xff,0xff,0x89,0x85,0x20,0xff,0xff,0xff,0xe8,0x4f,0xc1,0xc2,
    0xfd,0x0f,0xb6,0x85,0xc8,0xfa,0xff,0xff,0x48,0x8b,0xb5,0x78,0xfa,0xff,0xff,0xc6,
    0x45,0xb0,0x00,0x48,0x8b,0xbd,0x88,0xfa,0xff,0xff,0x88,0x45,0xb8,0xe8,0x4e,0x29,
    0xff,0xff,0x0f,0xb6,0x45,0xb0,0x3c,0xff,0x74,0x0d,0x48,0x8d,0x15,0x3f,0x1c,0xb6,
    0x02,0x48,0x89,0xdf,0xff,0x14,0xc2,0x48,0x8b,0xbd,0x90,0xfe,0xff,0xff,0x48,0x85,
    0xff,0x0f,0x84,0xa9,0xfa,0xff,0xff,0xe8,0xf4,0x75,0x86,0xfd,0xe9,0x9f,0xfa,0xff,
    0xff,0x4c,0x8b,0xb5,0x58,0xfa,0xff,0xff,0x48,0x8b,0x9d,0x50,0xfa,0xff,0xff,0x45,
    0x31,0xe4,0xe9,0x52,0xfc,0xff,0xff,0x48,0x98,0x48,0x8d,0x14,0xc0,0x48,0x8b,0x81,
    0xb8,0x00,0x00,0x00,0x48,0x8d,0x14,0xd0,0xe9,0x41,0xff,0xff,0xff,0x48,0x98,0x48,
    0x89,0xc2,0x48,0xc1,0xe2,0x04,0x48,0x01,0xd0,0x48,0x8b,0x91,0xb8,0x00,0x00,0x00,
    0x48,0x8d,0x34,0xc2,0xe9,0x1c,0xfd,0xff,0xff,0x48,0x98,0x48,0x89,0xc2,0x48,0xc1,
    0xe2,0x04,0x48,0x01,0xd0,0x48,0x8b,0x91,0xb8,0x00,0x00,0x00,0x4c,0x8d,0x2c,0xc2,
    0xe9,0x58,0xfb,0xff,0xff,0x8b,0x43,0x18,0x89,0x85,0xe8,0xfa,0xff,0xff,0x48,0x8b,
    0x03,0x8b,0x8d,0xe8,0xfa,0xff,0xff,0x41,0x89,0xcc,0x41,0x83,0xec,0x01,0x0f,0x88,
    0x2d,0x20,0x00,0x00,0x49,0x63,0xd4,0x4c,0x8b,0xbd,0xf0,0xfa,0xff,0xff,0x4c,0x89,
    0xb5,0xe0,0xfa,0xff,0xff,0x4c,0x8d,0x2c,0xd5,0x00,0x00,0x00,0x00,0x49,0x29,0xd5,
    0x49,0xc1,0xe5,0x02,0x4d,0x89,0xee,0x41,0x89,0xcd,0x66,0x0f,0x1f,0x44,0x00,0x00,
    0x4a,0x8d,0x34,0x30,0x80,0x7e,0x18,0x00,0x75,0x17,0x4c,0x89,0xff,0xe8,0xbe,0x95,
    0x6d,0xfe,0x48,0x85,0xc0,0x0f,0x85,0x5f,0x05,0x00,0x00,0x48,0x8b,0x03,0x45,0x89,
    0xe5,0x41,0x83,0xec,0x01,0x49,0x83,0xee,0x1c,0x41,0x83,0xfc,0xff,0x75,0xd1,0x44,
    0x89,0xad,0xe8,0xfa,0xff,0xff,0x4c,0x8b,0xb5,0xe0,0xfa,0xff,0xff,0x44,0x8b,0x7b,
    0x18,0x48,0x8b,0x53,0x08,0x41,0x83,0xc7,0x01,0x48,0xb9,0xb7,0x6d,0xdb,0xb6,0x6d,
    0xdb,0xb6,0x6d,0x48,0x29,0xc2,0x48,0xc1,0xfa,0x02,0x48,0x0f,0xaf,0xd1,0x41,0x89,
    0xd4,0x41,0x39,0xd7,0x0f,0x8d,0x86,0xf9,0xff,0xff,0x49,0x63,0xcf,0x4c,0x89,0xb5,
    0xe0,0xfa,0xff,0xff,0x48,0x8d,0x14,0xcd,0x00,0x00,0x00,0x00,0x48,0x29,0xca,0xb9,
    0xff,0xff,0xff,0xff,0x4c,0x8d,0x2c,0x95,0x00,0x00,0x00,0x00,0x41,0x89,0xce,0xeb,
    0x0a,0x0f,0x1f,0x80,0x00,0x00,0x00,0x00,0x48,0x8b,0x03,0x4a,0x8d,0x34,0x28,0x80,
    0x7e,0x18,0x00,0x75,0x14,0x48,0x8b,0xbd,0xf0,0xfa,0xff,0xff,0xe8,0x1f,0x95,0x6d,
    0xfe,0x48,0x85,0xc0,0x75,0x10,0x45,0x89,0xfe,0x41,0x83,0xc7,0x01,0x49,0x83,0xc5,
    0x1c,0x45,0x39,0xfc,0x75,0xd2,0x44,0x89,0xf0,0x4c,0x8b,0xb5,0xe0,0xfa,0xff,0xff,
    0x83,0xf8,0xff,0x0f,0x84,0x17,0xf9,0xff,0xff,0x83,0xc0,0x01,0x48,0x8b,0xbd,0x00,
    0xfb,0xff,0xff,0x48,0x8d,0xb5,0x70,0xfb,0xff,0xff,0x4c,0x63,0xe8,0x48,0x8d,0x05,
    0x1c,0xdb,0xb8,0x02,0x48,0x89,0x85,0x70,0xfb,0xff,0xff,0xe8,0x20,0x02,0xb7,0xfd,
    0x48,0x63,0xd8,0x48,0x8b,0xb5,0xb8,0xfa,0xff,0xff,0x4c,0x89,0xf7,0x89,0xda,0xe8,
    0xec,0x0c,0xb7,0xfd,0x49,0x8b,0x96,0x80,0x00,0x00,0x00,0x48,0x8b,0x0c,0xda,0x3d,
    0xff,0xff,0xff,0x3f,0x0f,0x8e,0xf4,0x01,0x00,0x00,0x2d,0x00,0x00,0x00,0x40,0x89,
    0xc2,0x83,0xe0,0x1f,0xc1,0xfa,0x05,0x48,0x8d,0x34,0x40,0x48,0x63,0xd2,0x48,0xc1,
    0xe6,0x05,0x48,0xc1,0xe2,0x04,0x48,0x03,0x91,0xd0,0x00,0x00,0x00,0x48,0x03,0x32,
    0x48,0x8b,0xbd,0x10,0xfb,0xff,0xff,0xe8,0x34,0x6d,0xd0,0xfd,0x48,0x8b,0x85,0xc8,
    0xfa,0xff,0xff,0x48,0x8b,0xbd,0x90,0xfe,0xff,0xff,0x44,0x0f,0xb6,0x78,0x0c,0x45,
    0x84,0xff,0x75,0x1b,0x48,0x8b,0x85,0x98,0xfe,0xff,0xff,0x48,0x29,0xf8,0x48,0xc1,
    0xf8,0x02,0x69,0xc0,0xb7,0x6d,0xdb,0xb6,0x44,0x39,0xe8,0x41,0x0f,0x95,0xc7,0x48,
    0x63,0x95,0xe8,0xfa,0xff,0xff,0x4e,0x8d,0x24,0xed,0x00,0x00,0x00,0x00,0x4d,0x29,
    0xec,0x48,0x8d,0x04,0xd5,0x00,0x00,0x00,0x00,0x49,0xc1,0xe4,0x02,0x48,0x29,0xd0,
    0x4a,0x8d,0x1c,0x27,0x48,0xba,0xb7,0x6d,0xdb,0xb6,0x6d,0xdb,0xb6,0x6d,0x48,0xc1,
    0xe0,0x02,0x49,0x29,0xc4,0x4c,0x8d,0x2c,0x07,0x4c,0x89,0xe0,0x48,0xc1,0xf8,0x02,
    0x48,0x0f,0xaf,0xc2,0x48,0x85,0xc0,0x74,0x22,0x48,0xba,0x24,0x49,0x92,0x24,0x49,
    0x92,0x24,0x09,0x48,0x39,0xd0,0x0f,0x87,0xd2,0x20,0x00,0x00,0x4c,0x89,0xe7,0xe8,
    0x5c,0x73,0x86,0xfd,0x48,0x8b,0xbd,0x90,0xfe,0xff,0xff,0x49,0x01,0xc4,0x4c,0x39,
    0xeb,0x0f,0x84,0x5f,0x03,0x00,0x00,0x4c,0x89,0xea,0x48,0x89,0xc1,0x0f,0x1f,0x00,
    0xf3,0x0f,0x6f,0x12,0x48,0x83,0xc2,0x1c,0x48,0x83,0xc1,0x1c,0x0f,0x11,0x51,0xe4,
    0x48,0x8b,0x72,0xf4,0x48,0x89,0x71,0xf4,0x8b,0x72,0xfc,0x89,0x71,0xfc,0x48,0x39,
    0xd3,0x75,0xdd,0x48,0xb9,0xb7,0x6d,0xdb,0xb6,0x6d,0xdb,0xb6,0x2d,0x48,0x8d,0x53,
    0xe4,0x4c,0x29,0xea,0x48,0xc1,0xea,0x02,0x48,0x0f,0xaf,0xd1,0x48,0xb9,0xff,0xff,
    0xff,0xff,0xff,0xff,0xff,0x3f,0x48,0x21,0xca,0x48,0x83,0xc2,0x01,0x48,0x8d,0x0c,
    0xd5,0x00,0x00,0x00,0x00,0x48,0x29,0xd1,0x48,0x8d,0x14,0x88,0x48,0x89,0x85,0x90,
    0xfe,0xff,0xff,0x48,0x89,0x95,0x98,0xfe,0xff,0xff,0x4c,0x89,0xa5,0xa0,0xfe,0xff,
    0xff,0x48,0x85,0xff,0x74,0x05,0xe8,0xb5,0x72,0x86,0xfd,0x8b,0x95,0xa8,0xfe,0xff,
    0xff,0x2b,0x95,0xe8,0xfa,0xff,0xff,0x89,0x95,0xa8,0xfe,0xff,0xff,0x0f,0x88,0xdd,
    0x1f,0x00,0x00,0x48,0x8b,0x85,0x98,0xfe,0xff,0xff,0x48,0x2b,0x85,0x90,0xfe,0xff,
    0xff,0x48,0xc1,0xf8,0x02,0x69,0xc0,0xb7,0x6d,0xdb,0xb6,0x39,0xd0,0x0f,0x8e,0xdc,
    0x1f,0x00,0x00,0x48,0x8b,0x9d,0x60,0xfa,0xff,0xff,0x8b,0x85,0x50,0xfe,0xff,0xff,
    0x48,0x8b,0xb5,0x10,0xfb,0xff,0xff,0x48,0x89,0xdf,0x89,0x85,0x20,0xff,0xff,0xff,
    0xe8,0xab,0xbc,0xc2,0xfd,0x48,0x8b,0xb5,0x78,0xfa,0xff,0xff,0x48,0x8b,0xbd,0x88,
    0xfa,0xff,0xff,0xc6,0x45,0xb0,0x01,0x44,0x88,0x7d,0xb8,0xe8,0x70,0x25,0xff,0xff,
    0x0f,0xb6,0x45,0xb0,0x3c,0xff,0x0f,0x84,0x2b,0xfc,0xff,0xff,0x48,0x8d,0x15,0x5d,
    0x18,0xb6,0x02,0x48,0x89,0xdf,0xff,0x14,0xc2,0xe9,0x19,0xfc,0xff,0xff,0x48,0x98,
    0x48,0x8d,0x34,0x40,0x48,0xc1,0xe6,0x05,0x48,0x03,0xb1,0xb8,0x00,0x00,0x00,0xe9,
    0x1c,0xfe,0xff,0xff,0x48,0x98,0x48,0x8d,0x1c,0x40,0x48,0xc1,0xe3,0x05,0x48,0x03,
    0x99,0xb8,0x00,0x00,0x00,0xe9,0x60,0xf6,0xff,0xff,0x48,0x8b,0x85,0x68,0xfc,0xff,
    0xff,0x4c,0x8b,0xa5,0x60,0xfc,0xff,0xff,0x48,0x89,0x85,0xe8,0xfa,0xff,0xff,0x49,
    0x39,0xc4,0x0f,0x84,0x5e,0x1b,0x00,0x00,0x48,0x8d,0x85,0x2c,0xfb,0xff,0xff,0x48,
    0x89,0x85,0xe0,0xfa,0xff,0xff,0x48,0x8d,0x85,0x78,0xfb,0xff,0xff,0x48,0x89,0x85,
    0xd8,0xfa,0xff,0xff,0xeb,0x5b,0x48,0x8d,0x15,0x83,0xd8,0xb8,0x02,0x4c,0x89,0xe6,
    0x4c,0x89,0xf7,0xe8,0x48,0x07,0x3e,0x00,0x41,0x80,0xbc,0x24,0x90,0x00,0x00,0x00,
    0x01,0x0f,0x85,0xc7,0x01,0x00,0x00,0x49,0x8d,0x54,0x24,0x08,0xb9,0x01,0x00,0x00,
    0x00,0x4c,0x89,0xe6,0x4c,0x89,0xf7,0x41,0xb8,0x01,0x00,0x00,0x00,0xe8,0xce,0x98,
    0xd5,0xfd,0x41,0x80,0xbc,0x24,0x98,0x00,0x00,0x00,0x00,0x75,0x6b,0x49,0x81,0xc4,
    0xa0,0x00,0x00,0x00,0x4c,0x39,0xa5,0xe8,0xfa,0xff,0xff,0x0f,0x84,0xe5,0x1a,0x00,
    0x00,0x41,0x80,0xbc,0x24,0x90,0x00,0x00,0x00,0x00,0xb9,0x01,0x00,0x00,0x00,0x75,
    0x95,0x48,0x8d,0x15,0x28,0xd8,0xb8,0x02,0x4c,0x89,0xe6,0x4c,0x89,0xf7,0xe8,0xdd,
    0x06,0x3e,0x00,0x41,0x80,0xbc,0x24,0x90,0x00,0x00,0x00,0x00,0x0f,0x85,0x79,0x1a,
    0x00,0x00,0x49,0x8d,0x54,0x24,0x08,0xb9,0x01,0x00,0x00,0x00,0x4c,0x89,0xe6,0x4c,
    0x89,0xf7,0x41,0xb8,0x01,0x00,0x00,0x00,0xe8,0xf3,0xa3,0xd5,0xfd,0x41,0x80,0xbc,
    0x24,0x98,0x00,0x00,0x00,0x00,0x74,0x95,0x48,0x8b,0x9d,0xe0,0xfa,0xff,0xff,0x41,
    0x8b,0x04,0x24,0x48,0x8d,0x15,0x8e,0xe8,0xb8,0x02,0x4c,0x89,0xf7,0x4c,0x89,0xb5,
    0x90,0xfe,0xff,0xff,0x48,0x89,0xde,0x89,0x85,0x2c,0xfb,0xff,0xff,0x89,0x85,0x98,
    0xfe,0xff,0xff,0xe8,0x58,0xed,0x3d,0x00,0x48,0x8b,0xb5,0xd8,0xfa,0xff,0xff,0x48,
    0x8b,0xbd,0x00,0xfb,0xff,0xff,0x48,0x8d,0x05,0x5b,0xe8,0xb8,0x02,0x48,0x89,0x85,
    0x78,0xfb,0xff,0xff,0xe8,0x97,0xfe,0xb6,0xfd,0x4c,0x63,0xe8,0x48,0x89,0xde,0x4c,
    0x89,0xf7,0x44,0x89,0xea,0xe8,0x66,0x09,0xb7,0xfd,0x48,0x8d,0x3d,0xef,0xa5,0x12,
    0x01,0x48,0x63,0xd8,0xe8,0xd7,0x06,0x3b,0x00,0x49,0x8b,0x86,0x80,0x00,0x00,0x00,
    0x4a,0x8b,0x04,0xe8,0x81,0xfb,0xff,0xff,0xff,0x3f,0x0f,0x8e,0x8d,0x00,0x00,0x00,
    0x44,0x8d,0xbb,0x00,0x00,0x00,0xc0,0x45,0x89,0xfd,0x41,0xc1,0xfd,0x05,0x4d,0x63,
    0xed,0x49,0xc1,0xe5,0x04,0x4c,0x03,0xa8,0xd0,0x00,0x00,0x00,0x49,0x8b,0x45,0x08,
    0x48,0x85,0xc0,0x74,0x0c,0x8b,0x40,0x08,0x83,0xf8,0x01,0x0f,0x8f,0xa3,0x00,0x00,
    0x00,0x49,0x8b,0x55,0x00,0x44,0x89,0xfb,0x83,0xe3,0x1f,0x48,0xc1,0xe3,0x04,0x48,
    0x01,0xd3,0xe8,0x89,0x06,0x3b,0x00,0x48,0x8d,0x3d,0x82,0xa5,0x12,0x01,0x48,0x89,
    0x9d,0xa0,0xfe,0xff,0xff,0xe8,0x66,0x06,0x3b,0x00,0x48,0x8b,0x85,0xa0,0xfe,0xff,
    0xff,0xc6,0x40,0x0c,0x01,0xe8,0x66,0x06,0x3b,0x00,0x48,0x8b,0x85,0x10,0xfb,0xff,
    0xff,0x48,0x8b,0xbd,0x90,0xfe,0xff,0xff,0x48,0x8d,0x15,0x99,0xe7,0xb8,0x02,0x48,
    0x8d,0x70,0x08,0xe8,0x38,0xee,0x3d,0x00,0xe9,0x80,0xfe,0xff,0xff,0x48,0xc1,0xe3,
    0x04,0x48,0x03,0x98,0xb8,0x00,0x00,0x00,0xeb,0xa8,0x48,0x8b,0x85,0xe8,0xfa,0xff,
    0xff,0xe9,0x4b,0xf8,0xff,0xff,0x48,0x89,0xc2,0xe9,0xfe,0xfc,0xff,0xff,0x48,0x8d,
    0x3d,0xfa,0xc7,0x0a,0x01,0xe8,0x56,0x4f,0xb6,0xfd,0x44,0x8b,0x7b,0x18,0x48,0x8b,
    0x03,0x44,0x89,0xad,0xe8,0xfa,0xff,0xff,0x4c,0x8b,0xb5,0xe0,0xfa,0xff,0xff,0xe9,
    0xad,0xfa,0xff,0xff,0xbf,0x10,0x02,0x00,0x00,0x49,0x8b,0x5d,0x00,0xe8,0xae,0x6f,
    0x86,0xfd,0x48,0x8d,0x78,0x18,0x48,0x8d,0x50,0x10,0x48,0x89,0xde,0x48,0xb9,0x01,
    0x00,0x00,0x00,0x01,0x00,0x00,0x00,0x48,0x89,0x48,0x08,0x48,0x8d,0x0d,0xc6,0xa3,
    0xb3,0x02,0x48,0x83,0xe7,0xf8,0x48,0x89,0x08,0x48,0x8b,0x0b,0x48,0x29,0xfa,0x48,
    0x29,0xd6,0x48,0x89,0x48,0x10,0x48,0x8b,0x8b,0xf8,0x01,0x00,0x00,0x48,0x89,0x88,
    0x08,0x02,0x00,0x00,0x8d,0x8a,0x00,0x02,0x00,0x00,0x48,0x8d,0x50,0x10,0xc1,0xe9,
    0x03,0xf3,0x48,0xa5,0x49,0x8b,0x7d,0x08,0x49,0x89,0x55,0x00,0x49,0x89,0x45,0x08,
    0x48,0x85,0xff,0x0f,0x84,0xec,0xfe,0xff,0xff,0xe8,0x82,0xd4,0xb6,0xfd,0xe9,0xde,
    0xfe,0xff,0xff,0x48,0x8b,0x85,0x10,0xfb,0xff,0xff,0x48,0xc7,0x85,0xc0,0xfe,0xff,
    0xff,0x00,0x00,0x00,0x00,0x48,0x83,0xc0,0x30,0xe9,0x4a,0xee,0xff,0xff,0x48,0x8d,
    0x85,0x50,0xfd,0xff,0xff,0x48,0x89,0x85,0xf8,0xfa,0xff,0xff,0x48,0x8b,0x85,0xf8,
    0xfa,0xff,0xff,0x48,0xc7,0x85,0x10,0xfd,0xff,0xff,0x00,0x00,0x00,0x00,0x4c,0x8d,
    0xbd,0x30,0xfb,0xff,0xff,0x48,0xc7,0x85,0x18,0xfd,0xff,0xff,0x00,0x00,0x00,0x00,
    0x48,0xc7,0x85,0x20,0xfd,0xff,0xff,0x00,0x00,0x00,0x00,0x48,0x83,0xc0,0x30,0x48,
    0x89,0x85,0x50,0xfd,0xff,0xff,0x48,0x8b,0x85,0x28,0xfa,0xff,0xff,0x48,0xc7,0x85,
    0x58,0xfd,0xff,0xff,0x01,0x00,0x00,0x00,0x48,0xc7,0x85,0x60,0xfd,0xff,0xff,0x00,
    0x00,0x00,0x00,0x48,0x8b,0x48,0x48,0x48,0xc7,0x85,0x68,0xfd,0xff,0xff,0x00,0x00,
    0x00,0x00,0x48,0x8b,0x40,0x50,0xc7,0x85,0x70,0xfd,0xff,0xff,0x00,0x00,0x80,0x3f,
    0x48,0xc7,0x85,0x78,0xfd,0xff,0xff,0x00,0x00,0x00,0x00,0x48,0xc7,0x85,0x80,0xfd,
    0xff,0xff,0x00,0x00,0x00,0x00,0x48,0x89,0x8d,0xe8,0xfa,0xff,0xff,0x48,0x89,0x85,
    0xe0,0xfa,0xff,0xff,0x48,0x39,0xc1,0x0f,0x84,0xc7,0x00,0x00,0x00,0x48,0x8b,0x85,
    0xe8,0xfa,0xff,0xff,0x48,0x8b,0x48,0x38,0x4c,0x8b,0x60,0x30,0x48,0x89,0x8d,0xf0,
    0xfa,0xff,0xff,0x49,0x39,0xcc,0x75,0x15,0xe9,0x8b,0x00,0x00,0x00,0x0f,0x1f,0x00,
    0x49,0x83,0xc4,0x08,0x4c,0x39,0xa5,0xf0,0xfa,0xff,0xff,0x74,0x7b,0x48,0x8b,0xbd,
    0xc0,0xfa,0xff,0xff,0x4c,0x89,0xe6,0xe8,0x54,0xe1,0x8a,0xfe,0x89,0x85,0x90,0xfe,
    0xff,0xff,0x85,0xc0,0x78,0xda,0x48,0x8b,0xb5,0x10,0xfb,0xff,0xff,0x48,0x8b,0xbd,
    0xa0,0xfa,0xff,0xff,0xe8,0x37,0x3d,0x81,0xfe,0x4c,0x8b,0x68,0x08,0x48,0x8b,0x18,
    0x4c,0x39,0xeb,0x74,0xbb,0x0f,0x1f,0x00,0x48,0x8b,0xbd,0xf8,0xfa,0xff,0xff,0x48,
    0x89,0xde,0xe8,0x49,0x49,0x00,0x00,0x48,0x8d,0x73,0x04,0xb9,0x01,0x00,0x00,0x00,
    0x4c,0x89,0xfa,0x48,0x89,0xc7,0x48,0x89,0x85,0x30,0xfb,0xff,0xff,0xe8,0xae,0x40,
    0x00,0x00,0x48,0x83,0xc3,0x08,0x49,0x39,0xdd,0x75,0xcd,0x49,0x83,0xc4,0x08,0x4c,
    0x39,0xa5,0xf0,0xfa,0xff,0xff,0x75,0x85,0x48,0x83,0x85,0xe8,0xfa,0xff,0xff,0x78,
    0x48,0x8b,0x85,0xe8,0xfa,0xff,0xff,0x48,0x39,0x85,0xe0,0xfa,0xff,0xff,0x0f,0x85,
    0x39,0xff,0xff,0xff,0x48,0x8b,0x85,0x28,0xfa,0xff,0xff,0x4c,0x8d,0xbd,0x38,0xfb,
    0xff,0xff,0x48,0x8b,0xb8,0xd8,0x00,0x00,0x00,0x4c,0x8b,0xa0,0xd0,0x00,0x00,0x00,
    0x48,0x89,0xbd,0xf0,0xfa,0xff,0xff,0x49,0x39,0xfc,0x75,0x19,0xe9,0x8f,0x00,0x00,
    0x00,0x0f,0x1f,0x80,0x00,0x00,0x00,0x00,0x49,0x83,0xc4,0x04,0x4c,0x39,0xa5,0xf0,
    0xfa,0xff,0xff,0x74,0x7b,0x48,0x8b,0xbd,0xc0,0xfa,0xff,0xff,0x4c,0x89,0xe6,0xe8,
    0x7c,0xe0,0x8a,0xfe,0x89,0x85,0x90,0xfe,0xff,0xff,0x85,0xc0,0x78,0xda,0x48,0x8b,
    0xb5,0x10,0xfb,0xff,0xff,0x48,0x8b,0xbd,0xa0,0xfa,0xff,0xff,0xe8,0x5f,0x3c,0x81,
    0xfe,0x4c,0x8b,0x68,0x08,0x48,0x8b,0x18,0x4c,0x39,0xeb,0x74,0xbb,0x0f,0x1f,0x00,
    0x48,0x8b,0xbd,0xf8,0xfa,0xff,0xff,0x48,0x89,0xde,0xe8,0x71,0x48,0x00,0x00,0x48,
    0x8d,0x73,0x04,0xb9,0x01,0x00,0x00,0x00,0x4c,0x89,0xfa,0x48,0x89,0xc7,0x48,0x89,
    0x85,0x38,0xfb,0xff,0xff,0xe8,0xd6,0x3f,0x00,0x00,0x48,0x83,0xc3,0x08,0x49,0x39,
    0xdd,0x75,0xcd,0x49,0x83,0xc4,0x04,0x4c,0x39,0xa5,0xf0,0xfa,0xff,0xff,0x75,0x85,
    0x48,0x8b,0x85,0x20,0xfa,0xff,0xff,0x48,0x8b,0x48,0x08,0x4c,0x8b,0x38,0x48,0x8d,
    0x85,0xa0,0xfb,0xff,0xff,0x48,0x89,0x85,0xd8,0xfa,0xff,0xff,0x48,0x89,0x8d,0x90,
    0xfa,0xff,0xff,0x49,0x39,0xcf,0x0f,0x84,0x6d,0x03,0x00,0x00,0x48,0x8b,0xb5,0x10,
    0xfb,0xff,0xff,0x48,0x8b,0xbd,0x00,0xfb,0xff,0xff,0x48,0x8d,0x05,0xa7,0xcb,0xb8,
    0x02,0x48,0x89,0x85,0x90,0xfe,0xff,0xff,0xe8,0x13,0xed,0xb6,0xfd,0x48,0x85,0xc0,
    0x0f,0x84,0xc1,0x02,0x00,0x00,0x8b,0x40,0x10,0x83,0xe8,0x01,0x89,0xc1,0x0f,0x88,
    0xb3,0x02,0x00,0x00,0x48,0x63,0xd8,0x49,0x63,0x07,0xba,0x01,0x00,0x00,0x00,0x48,
    0x89,0xde,0x48,0xd3,0xe2,0x48,0xc1,0xe0,0x04,0x48,0xc1,0xee,0x06,0x49,0x03,0x86,
    0xc8,0x00,0x00,0x00,0x48,0x85,0x14,0xf0,0x0f,0x84,0x89,0x02,0x00,0x00,0x89,0xca,
    0x4c,0x89,0xfe,0x4c,0x89,0xf7,0xe8,0x05,0x05,0xb7,0xfd,0x49,0x8b,0x96,0x80,0x00,
    0x00,0x00,0x48,0x8b,0x0c,0xda,0x3d,0xff,0xff,0xff,0x3f,0x0f,0x8e,0xc8,0x10,0x00,
    0x00,0x2d,0x00,0x00,0x00,0x40,0x89,0xc2,0x83,0xe0,0x1f,0xc1,0xfa,0x05,0x48,0x63,
    0xd2,0x48,0xc1,0xe2,0x04,0x48,0x03,0x91,0xd0,0x00,0x00,0x00,0x48,0x89,0xc1,0x48,
    0xc1,0xe1,0x05,0x48,0x8b,0x12,0x48,0x01,0xc8,0x48,0x8d,0x14,0xc2,0x48,0x85,0xd2,
    0x0f,0x84,0x31,0x02,0x00,0x00,0x48,0x8b,0x85,0x98,0xfa,0xff,0xff,0x48,0xbf,0xcd,
    0xcc,0xcc,0xcc,0xcc,0xcc,0xcc,0xcc,0x48,0x8b,0x80,0x20,0x01,0x00,0x00,0x48,0x89,
    0x85,0xe0,0xfa,0xff,0xff,0x48,0x8b,0x42,0x08,0x48,0x2b,0x02,0x48,0xc1,0xf8,0x03,
    0x48,0x0f,0xaf,0xc7,0x85,0xc0,0x0f,0x8e,0x24,0x08,0x00,0x00,0x89,0x85,0xb8,0xfa,
    0xff,0xff,0x48,0x8d,0x85,0xe8,0xfb,0xff,0xff,0x48,0x89,0x85,0xb0,0xfa,0xff,0xff,
    0x48,0x8d,0x85,0xf0,0xfb,0xff,0xff,0xc7,0x85,0xe8,0xfa,0xff,0xff,0x00,0x00,0x00,
    0x00,0x48,0x89,0x85,0xd0,0xfa,0xff,0xff,0xeb,0x1f,0x66,0x0f,0x1f,0x44,0x00,0x00,
    0x83,0x85,0xe8,0xfa,0xff,0xff,0x01,0x8b,0x85,0xe8,0xfa,0xff,0xff,0x39,0x85,0xb8,
    0xfa,0xff,0xff,0x0f,0x84,0xd7,0x07,0x00,0x00,0x41,0x8b,0x07,0x48,0x8b,0xb5,0xb0,
    0xfa,0xff,0xff,0x48,0x8b,0xbd,0xa8,0xfa,0xff,0xff,0x89,0x85,0xe8,0xfb,0xff,0xff,
    0x8b,0x85,0xe8,0xfa,0xff,0xff,0x89,0x85,0xec,0xfb,0xff,0xff,0xe8,0x4f,0xc2,0x87,
    0xfe,0x48,0x85,0xc0,0x74,0xba,0x48,0x8b,0x10,0xf6,0xc2,0x07,0x0f,0x85,0xc6,0x17,
    0x00,0x00,0x48,0x8b,0x12,0xc7,0x85,0xf8,0xfb,0xff,0xff,0x00,0x00,0x00,0x00,0x4c,
    0x8b,0x68,0x08,0x48,0x89,0x95,0xf0,0xfb,0xff,0xff,0x41,0xf6,0xc5,0x07,0x0f,0x85,
    0xde,0x14,0x00,0x00,0x48,0x8b,0x8d,0xe0,0xfa,0xff,0xff,0x41,0x0f,0xb6,0x45,0x0a,
    0x48,0x81,0xc1,0x18,0x01,0x00,0x00,0x89,0x85,0xc8,0xfa,0xff,0xff,0x31,0xc0,0x48,
    0x89,0x8d,0xf0,0xfa,0xff,0xff,0x49,0x39,0xd5,0x0f,0x84,0xed,0x00,0x00,0x00,0x48,
    0x98,0xf6,0xc2,0x07,0x0f,0x85,0x88,0x15,0x00,0x00,0x48,0x83,0xc0,0x01,0x48,0x8b,
    0xb5,0xd8,0xfa,0xff,0xff,0x48,0x8b,0xbd,0x00,0xfb,0xff,0xff,0x48,0xc1,0xe0,0x04,
    0x4c,0x8d,0x64,0x02,0x08,0x48,0x8d,0x05,0x6c,0xc9,0xb8,0x02,0x48,0x89,0x85,0xa0,
    0xfb,0xff,0xff,0xe8,0x38,0xeb,0xb6,0xfd,0x48,0x85,0xc0,0x0f,0x84,0xaf,0x14,0x00,
    0x00,0x8b,0x58,0x10,0x4c,0x89,0xe6,0x4c,0x89,0xf7,0x83,0xeb,0x01,0x89,0xda,0xe8,
    0x5c,0x03,0xb7,0xfd,0x49,0x8b,0x96,0x80,0x00,0x00,0x00,0x48,0x63,0xdb,0x48,0x8b,
    0x0c,0xda,0x3d,0xff,0xff,0xff,0x3f,0x0f,0x8f,0x93,0x00,0x00,0x00,0x48,0x98,0x48,
    0xc1,0xe0,0x05,0x48,0x03,0x81,0xb8,0x00,0x00,0x00,0x83,0x78,0x04,0xff,0x0f,0x85,
    0x4d,0x14,0x00,0x00,0x48,0x8b,0xbd,0xf0,0xfa,0xff,0xff,0x4c,0x89,0xe6,0xe8,0xad,
    0x19,0xff,0xff,0x41,0x8b,0x17,0x89,0x50,0x04,0x48,0x8b,0x95,0xf0,0xfb,0xff,0xff,
    0xf6,0xc2,0x07,0x0f,0x85,0x09,0x14,0x00,0x00,0x80,0x7a,0x0b,0x00,0x74,0x1b,0x8b,
    0x85,0xf8,0xfb,0xff,0xff,0x83,0xc0,0x01,0x89,0x85,0xf8,0xfb,0xff,0xff,0x0f,0xb6,
    0x4a,0x0a,0x39,0xc8,0x0f,0x8c,0x2c,0xff,0xff,0xff,0x48,0x8b,0xbd,0xd0,0xfa,0xff,
    0xff,0xe8,0x8a,0x6b,0xc6,0xfe,0x48,0x8b,0x95,0xf0,0xfb,0xff,0xff,0x8b,0x85,0xf8,
    0xfb,0xff,0xff,0x49,0x39,0xd5,0x0f,0x85,0x13,0xff,0xff,0xff,0x39,0x85,0xc8,0xfa,
    0xff,0xff,0x0f,0x85,0x07,0xff,0xff,0xff,0xe9,0x63,0xfe,0xff,0xff,0x0f,0x1f,0x00,
    0x2d,0x00,0x00,0x00,0x40,0x89,0xc2,0x83,0xe0,0x1f,0xc1,0xfa,0x05,0x48,0xc1,0xe0,
    0x05,0x48,0x63,0xd2,0x48,0xc1,0xe2,0x04,0x48,0x03,0x91,0xd0,0x00,0x00,0x00,0x48,
    0x03,0x02,0xe9,0x53,0xff,0xff,0xff,0x48,0x8b,0x95,0x10,0xfb,0xff,0xff,0x48,0x8d,
    0x05,0x23,0xe1,0xb8,0x02,0x4c,0x89,0xfe,0x4c,0x89,0xf7,0x48,0x89,0x85,0x90,0xfe,
    0xff,0xff,0xe8,0x09,0xa2,0x3d,0x00,0x84,0xc0,0x74,0x25,0x48,0x8b,0xb5,0x18,0xfd,
    0xff,0xff,0x48,0x3b,0xb5,0x20,0xfd,0xff,0xff,0x0f,0x84,0x46,0x0e,0x00,0x00,0x41,
    0x8b,0x07,0x48,0x83,0xc6,0x04,0x89,0x46,0xfc,0x48,0x89,0xb5,0x18,0xfd,0xff,0xff,
    0x48,0x8b,0x95,0x10,0xfb,0xff,0xff,0x48,0x8d,0x1d,0x3a,0xe0,0xb8,0x02,0x4c,0x89,
    0xfe,0x4c,0x89,0xf7,0x48,0x89,0x9d,0x90,0xfe,0xff,0xff,0xe8,0xc0,0xa1,0x3d,0x00,
    0x84,0xc0,0x0f,0x85,0xb0,0x0c,0x00,0x00,0x49,0x83,0xc7,0x04,0x4c,0x39,0xbd,0x90,
    0xfa,0xff,0xff,0x0f,0x85,0x93,0xfc,0xff,0xff,0x48,0x8b,0x85,0x98,0xfa,0xff,0xff,
    0x48,0x8b,0xb5,0x68,0xfa,0xff,0xff,0x48,0x8d,0x95,0x10,0xfd,0xff,0xff,0x4c,0x89,
    0xf7,0x48,0x8b,0x88,0x20,0x01,0x00,0x00,0xe8,0x53,0x49,0xff,0xff,0x48,0x8b,0x9d,
    0x98,0xfa,0xff,0xff,0x48,0x8b,0x8d,0xf8,0xfa,0xff,0xff,0x4c,0x89,0xf7,0x48,0x8b,
    0x95,0x70,0xfa,0xff,0xff,0x48,0x8b,0xb5,0x68,0xfa,0xff,0xff,0x4c,0x8b,0x83,0x20,
    0x01,0x00,0x00,0x4d,0x8d,0x88,0x18,0x01,0x00,0x00,0xe8,0x71,0x3c,0xff,0xff,0x48,
    0x8b,0x8b,0x20,0x01,0x00,0x00,0x48,0x8b,0x83,0x10,0x01,0x00,0x00,0x48,0xc7,0x85,
    0x80,0xfc,0xff,0xff,0x00,0x00,0x00,0x00,0x48,0x2b,0x83,0x08,0x01,0x00,0x00,0x48,
    0xc7,0x85,0x88,0xfc,0xff,0xff,0x00,0x00,0x00,0x00,0x48,0xc1,0xf8,0x02,0x48,0x89,
    0x8d,0xe0,0xfa,0xff,0xff,0x48,0xc7,0x85,0x90,0xfc,0xff,0xff,0x00,0x00,0x00,0x00,
    0x49,0x89,0xc4,0x0f,0x84,0x62,0x12,0x00,0x00,0x48,0xba,0xaa,0xaa,0xaa,0xaa,0xaa,
    0xaa,0xaa,0x0a,0x48,0x39,0xd0,0x0f,0x87,0x13,0x15,0x00,0x00,0x48,0x8d,0x1c,0x40,
    0x48,0xc1,0xe3,0x03,0x48,0x89,0xdf,0xe8,0x94,0x68,0x86,0xfd,0x48,0x01,0xc3,0x48,
    0x89,0x85,0x80,0xfc,0xff,0xff,0x48,0x89,0x9d,0x90,0xfc,0xff,0xff,0x48,0xc7,0x00,
    0x00,0x00,0x00,0x00,0x48,0x83,0xc0,0x18,0x48,0xc7,0x40,0xf0,0x00,0x00,0x00,0x00,
    0x48,0xc7,0x40,0xf8,0x00,0x00,0x00,0x00,0x49,0x83,0xec,0x01,0x75,0xdf,0x48,0x8d,
    0x85,0x80,0xfc,0xff,0xff,0x48,0x89,0x9d,0x88,0xfc,0xff,0xff,0x48,0x89,0x85,0xc0,
    0xfa,0xff,0xff,0xe8,0xe8,0xbb,0x35,0x00,0x48,0x8b,0x9d,0x98,0xfa,0xff,0xff,0x4c,
    0x89,0xb5,0xc0,0xfc,0xff,0xff,0x48,0x8b,0xbb,0x10,0x01,0x00,0x00,0x48,0x8b,0x8b,
    0x08,0x01,0x00,0x00,0x48,0x89,0xfe,0x48,0x89,0xbd,0x00,0xfb,0xff,0xff,0x48,0x8b,
    0xbd,0x68,0xfa,0xff,0xff,0x48,0x29,0xce,0x48,0x89,0xbd,0xc8,0xfc,0xff,0xff,0x48,
    0x8b,0xbd,0x40,0xfa,0xff,0xff,0x48,0xc1,0xfe,0x02,0x89,0xf2,0x48,0x89,0xbd,0xd0,
    0xfc,0xff,0xff,0x48,0x8d,0xbd,0x80,0xfc,0xff,0xff,0x48,0x89,0xbd,0xc0,0xfa,0xff,
    0xff,0x48,0x89,0xbd,0xd8,0xfc,0xff,0xff,0x85,0xf6,0x74,0x43,0xff,0xb5,0xd8,0xfc,
    0xff,0xff,0x48,0x89,0xc7,0xff,0xb5,0xd0,0xfc,0xff,0xff,0xff,0xb5,0xc8,0xfc,0xff,
    0xff,0xff,0xb5,0xc0,0xfc,0xff,0xff,0xe8,0x04,0xd8,0xff,0xff,0x48,0x8b,0x83,0x10,
    0x01,0x00,0x00,0x48,0x8b,0x8b,0x08,0x01,0x00,0x00,0x48,0x83,0xc4,0x20,0x48,0x89,
    0xc2,0x48,0x89,0x85,0x00,0xfb,0xff,0xff,0x48,0x29,0xca,0x48,0xc1,0xfa,0x02,0x48,
    0x8d,0x85,0x90,0xfd,0xff,0xff,0x48,0xc7,0x85,0x98,0xfd,0xff,0xff,0x01,0x00,0x00,
    0x00,0x48,0x89,0x85,0xf0,0xfa,0xff,0xff,0x48,0x83,0xc0,0x30,0x48,0x89,0x85,0x90,
    0xfd,0xff,0xff,0x48,0x8d,0x85,0xd0,0xfd,0xff,0xff,0x48,0x89,0x85,0xd0,0xfa,0xff,
    0xff,0x48,0x83,0xc0,0x30,0x48,0x89,0x85,0xd0,0xfd,0xff,0xff,0x48,0x8d,0x85,0x10,
    0xfe,0xff,0xff,0x48,0x89,0x85,0xc8,0xfa,0xff,0xff,0x48,0x83,0xc0,0x30,0x48,0x89,
    0x85,0x10,0xfe,0xff,0xff,0x48,0x8d,0x85,0x50,0xfe,0xff,0xff,0x48,0x89,0x85,0xb8,
    0xfa,0xff,0xff,0x48,0x83,0xc0,0x30,0x48,0xc7,0x85,0xa0,0xfd,0xff,0xff,0x00,0x00,
    0x00,0x00,0x48,0xc7,0x85,0xa8,0xfd,0xff,0xff,0x00,0x00,0x00,0x00,0xc7,0x85,0xb0,
    0xfd,0xff,0xff,0x00,0x00,0x80,0x3f,0x48,0xc7,0x85,0xb8,0xfd,0xff,0xff,0x00,0x00,
    0x00,0x00,0x48,0xc7,0x85,0xc0,0xfd,0xff,0xff,0x00,0x00,0x00,0x00,0x48,0xc7,0x85,
    0xd8,0xfd,0xff,0xff,0x01,0x00,0x00,0x00,0x48,0xc7,0x85,0xe0,0xfd,0xff,0xff,0x00,
    0x00,0x00,0x00,0x48,0xc7,0x85,0xe8,0xfd,0xff,0xff,0x00,0x00,0x00,0x00,0xc7,0x85,
    0xf0,0xfd,0xff,0xff,0x00,0x00,0x80,0x3f,0x48,0xc7,0x85,0xf8,0xfd,0xff,0xff,0x00,
    0x00,0x00,0x00,0x48,0xc7,0x85,0x00,0xfe,0xff,0xff,0x00,0x00,0x00,0x00,0x48,0xc7,
    0x85,0x18,0xfe,0xff,0xff,0x01,0x00,0x00,0x00,0x48,0xc7,0x85,0x20,0xfe,0xff,0xff,
    0x00,0x00,0x00,0x00,0x48,0xc7,0x85,0x28,0xfe,0xff,0xff,0x00,0x00,0x00,0x00,0xc7,
    0x85,0x30,0xfe,0xff,0xff,0x00,0x00,0x80,0x3f,0x48,0xc7,0x85,0x38,0xfe,0xff,0xff,
    0x00,0x00,0x00,0x00,0x48,0xc7,0x85,0x40,0xfe,0xff,0xff,0x00,0x00,0x00,0x00,0x48,
    0x89,0x85,0x50,0xfe,0xff,0xff,0x48,0xc7,0x85,0x58,0xfe,0xff,0xff,0x01,0x00,0x00,
    0x00,0x48,0xc7,0x85,0x60,0xfe,0xff,0xff,0x00,0x00,0x00,0x00,0x48,0xc7,0x85,0x68,
    0xfe,0xff,0xff,0x00,0x00,0x00,0x00,0xc7,0x85,0x70,0xfe,0xff,0xff,0x00,0x00,0x80,
    0x3f,0x48,0xc7,0x85,0x78,0xfe,0xff,0xff,0x00,0x00,0x00,0x00,0x48,0xc7,0x85,0x80,
    0xfe,0xff,0xff,0x00,0x00,0x00,0x00,0x48,0x8b,0x85,0x10,0xfb,0xff,0xff,0x48,0xc7,
    0x85,0x98,0xfe,0xff,0xff,0x01,0x00,0x00,0x00,0x48,0xc7,0x85,0xa0,0xfe,0xff,0xff,
    0x00,0x00,0x00,0x00,0x48,0x83,0xc0,0x30,0x48,0x89,0x85,0x90,0xfe,0xff,0xff,0x48,
    0xc7,0x85,0xa8,0xfe,0xff,0xff,0x00,0x00,0x00,0x00,0xc7,0x85,0xb0,0xfe,0xff,0xff,
    0x00,0x00,0x80,0x3f,0x48,0xc7,0x85,0xb8,0xfe,0xff,0xff,0x00,0x00,0x00,0x00,0x48,
    0xc7,0x85,0xc0,0xfe,0xff,0xff,0x00,0x00,0x00,0x00,0x85,0xd2,0x0f,0x8e,0xbf,0x0b,
    0x00,0x00,0x48,0xc7,0x85,0xd8,0xfa,0xff,0xff,0x00,0x00,0x00,0x00,0x8d,0x42,0xff,
    0x48,0xc1,0xe0,0x02,0x48,0x89,0x85,0xb0,0xfa,0xff,0xff,0x48,0x8d,0x85,0xe0,0xfc,
    0xff,0xff,0x48,0x89,0x85,0x00,0xfb,0xff,0xff,0x48,0x8d,0x85,0xd8,0xfb,0xff,0xff,
    0x48,0x89,0x85,0xa8,0xfa,0xff,0xff,0x48,0x8d,0x85,0xd0,0xfb,0xff,0xff,0x48,0x89,
    0x85,0xa0,0xfa,0xff,0xff,0x48,0x8d,0x85,0xc8,0xfb,0xff,0xff,0x48,0x89,0x85,0x90,
    0xfa,0xff,0xff,0x48,0x8b,0xbd,0xd8,0xfa,0xff,0xff,0x48,0x8b,0x95,0x80,0xfc,0xff,
    0xff,0x8b,0x04,0x39,0x89,0x85,0xe0,0xfc,0xff,0xff,0x48,0x8d,0x04,0x7f,0x48,0x8d,
    0x04,0x42,0x48,0x8b,0x78,0x08,0x48,0x8b,0x18,0x48,0x89,0xbd,0xe8,0xfa,0xff,0xff,
    0x48,0x29,0xdf,0x49,0x89,0xfd,0x49,0xc1,0xfd,0x02,0x0f,0x84,0x9c,0x00,0x00,0x00,
    0x48,0x39,0x9d,0xe8,0xfa,0xff,0xff,0x75,0x26,0xe9,0x8e,0x00,0x00,0x00,0x66,0x90,
    0x48,0x83,0x38,0x00,0x74,0x45,0x31,0xc0,0x49,0x83,0xfd,0x01,0x0f,0x95,0xc0,0x48,
    0x83,0xc3,0x04,0x49,0x29,0xc5,0x48,0x39,0x9d,0xe8,0xfa,0xff,0xff,0x74,0x6d,0x4c,
    0x63,0x23,0x31,0xd2,0x48,0x8b,0xbd,0xf0,0xfa,0xff,0xff,0x4c,0x89,0xe0,0x4c,0x89,
    0xe1,0x48,0xf7,0xb5,0x98,0xfd,0xff,0xff,0x49,0x89,0xd7,0x48,0x89,0xda,0x4c,0x89,
    0xfe,0xe8,0x2a,0x2c,0x4a,0xfe,0x48,0x85,0xc0,0x75,0xb5,0xbf,0x18,0x00,0x00,0x00,
    0xe8,0xeb,0x64,0x86,0xfd,0x8b,0x13,0x48,0xc7,0x00,0x00,0x00,0x00,0x00,0x4d,0x89,
    0xe8,0x48,0x89,0xc1,0x48,0x8b,0xbd,0xf0,0xfa,0xff,0xff,0x4c,0x89,0xfe,0x89,0x50,
    0x08,0x4c,0x89,0xe2,0xe8,0x67,0x03,0xfe,0xfd,0x41,0xbd,0x01,0x00,0x00,0x00,0x48,
    0x83,0xc3,0x04,0x48,0x39,0x9d,0xe8,0xfa,0xff,0xff,0x75,0x93,0x48,0x8b,0xb5,0x00,
    0xfb,0xff,0xff,0x48,0x8b,0xbd,0x68,0xfa,0xff,0xff,0xe8,0x91,0x75,0x89,0xfe,0x48,
    0x8b,0x70,0x10,0x48,0x8b,0x85,0xd0,0xfa,0xff,0xff,0x31,0xd2,0x48,0x8b,0x8d,0xa8,
    0xfa,0xff,0xff,0x48,0x89,0xc7,0x48,0x89,0x85,0xd8,0xfb,0xff,0xff,0xe8,0x3e,0x6b,
    0x68,0xfe,0x48,0x8b,0xb5,0x00,0xfb,0xff,0xff,0x48,0x8b,0xbd,0x68,0xfa,0xff,0xff,
    0xe8,0x8b,0x74,0x89,0xfe,0x48,0x8b,0x70,0x10,0x48,0x8b,0x85,0xc8,0xfa,0xff,0xff,
    0x31,0xd2,0x48,0x8b,0x8d,0xa0,0xfa,0xff,0xff,0x48,0x89,0xc7,0x48,0x89,0x85,0xd0,
    0xfb,0xff,0xff,0xe8,0x08,0x6b,0x68,0xfe,0x48,0x8b,0x9d,0x70,0xfa,0xff,0xff,0x8b,
    0xb5,0xe0,0xfc,0xff,0xff,0x48,0x89,0xdf,0xe8,0x63,0x59,0x87,0xfe,0x48,0x8b,0x70,
    0x10,0x48,0x8b,0x85,0xb8,0xfa,0xff,0xff,0x31,0xd2,0x48,0x8b,0x8d,0x90,0xfa,0xff,
    0xff,0x48,0x89,0xc7,0x48,0x89,0x85,0xc8,0xfb,0xff,0xff,0xe8,0xd0,0x6a,0x68,0xfe,
    0x8b,0xb5,0xe0,0xfc,0xff,0xff,0x48,0x89,0xdf,0xe8,0x12,0x5a,0x87,0xfe,0x48,0x8b,
    0xbd,0x10,0xfb,0xff,0xff,0x48,0x8b,0x70,0x10,0x48,0x8d,0x8d,0xc0,0xfb,0xff,0xff,
    0x31,0xd2,0x48,0x89,0xbd,0xc0,0xfb,0xff,0xff,0xe8,0xa2,0x6a,0x68,0xfe,0x48,0x8b,
    0x85,0xd8,0xfa,0xff,0xff,0x48,0x39,0x85,0xb0,0xfa,0xff,0xff,0x0f,0x84,0x11,0x0c,
    0x00,0x00,0x48,0x8b,0xbd,0x98,0xfa,0xff,0xff,0x48,0x83,0xc0,0x04,0x48,0x89,0x85,
    0xd8,0xfa,0xff,0xff,0x48,0x8b,0x8f,0x08,0x01,0x00,0x00,0xe9,0x23,0xfe,0xff,0xff,
    0x48,0x8b,0xbd,0x70,0xfa,0xff,0xff,0x4c,0x89,0xfe,0xe8,0x31,0x57,0x87,0xfe,0x4c,
    0x8b,0x60,0x10,0x48,0x8d,0x05,0x2e,0xc2,0xb8,0x02,0x48,0x89,0x85,0xe8,0xfa,0xff,
    0xff,0x48,0x8d,0x85,0xa8,0xfb,0xff,0xff,0x48,0x89,0x85,0xf0,0xfa,0xff,0xff,0x4d,
    0x85,0xe4,0x0f,0x85,0xeb,0x00,0x00,0x00,0xe9,0x63,0x02,0x00,0x00,0x0f,0x1f,0x00,
    0x2d,0x00,0x00,0x00,0x40,0x89,0xc2,0x83,0xe0,0x1f,0xc1,0xfa,0x05,0x48,0xc1,0xe0,
    0x05,0x48,0x63,0xd2,0x48,0xc1,0xe2,0x04,0x48,0x03,0x91,0xd0,0x00,0x00,0x00,0x48,
    0x03,0x02,0x41,0x8b,0x0f,0x39,0x48,0x04,0x0f,0x85,0x92,0x0f,0x00,0x00,0x48,0x8b,
    0xb5,0x10,0xfb,0xff,0xff,0x48,0x8b,0xbd,0x00,0xfb,0xff,0xff,0x48,0x8d,0x05,0x05,
    0xc2,0xb8,0x02,0x48,0x89,0x85,0x90,0xfe,0xff,0xff,0xe8,0x91,0xe3,0xb6,0xfd,0x48,
    0x85,0xc0,0x74,0x34,0x8b,0x48,0x10,0x83,0xe9,0x01,0x78,0x2c,0x48,0x63,0xd9,0x49,
    0x63,0x44,0x24,0x08,0xba,0x01,0x00,0x00,0x00,0x48,0x89,0xde,0x48,0xd3,0xe2,0x48,
    0xc1,0xe0,0x04,0x48,0xc1,0xee,0x06,0x49,0x03,0x86,0xc8,0x00,0x00,0x00,0x48,0x85,
    0x14,0xf0,0x0f,0x85,0xc0,0x00,0x00,0x00,0x48,0x8d,0x05,0xc9,0xc1,0xb8,0x02,0x48,
    0x8d,0x95,0x98,0xfb,0xff,0xff,0x4c,0x89,0xee,0x4c,0x89,0xf7,0x48,0x89,0x85,0x98,
    0xfb,0xff,0xff,0xe8,0x18,0x9b,0x3d,0x00,0x84,0xc0,0x0f,0x84,0x20,0x01,0x00,0x00,
    0x48,0x8b,0x85,0xe0,0xfa,0xff,0xff,0x4c,0x89,0xee,0x48,0x8d,0xb8,0x88,0x01,0x00,
    0x00,0xe8,0xea,0x11,0xff,0xff,0x66,0x2e,0x0f,0x1f,0x84,0x00,0x00,0x00,0x00,0x00,
    0x41,0x8b,0x17,0x89,0x50,0x04,0x4d,0x8b,0x24,0x24,0x4d,0x85,0xe4,0x0f,0x84,0x7d,
    0x01,0x00,0x00,0x48,0x8b,0x85,0xe8,0xfa,0xff,0xff,0x48,0x8b,0xb5,0xf0,0xfa,0xff,
    0xff,0x4d,0x8d,0x6c,0x24,0x08,0x48,0x8b,0xbd,0x00,0xfb,0xff,0xff,0x48,0x89,0x85,
    0xa8,0xfb,0xff,0xff,0xe8,0x37,0xf0,0xb6,0xfd,0x48,0x63,0xd8,0x4c,0x89,0xee,0x4c,
    0x89,0xf7,0x89,0xda,0xe8,0x07,0xfb,0xb6,0xfd,0x49,0x8b,0x96,0x80,0x00,0x00,0x00,
    0x48,0x8b,0x0c,0xda,0x3d,0xff,0xff,0xff,0x3f,0x0f,0x8f,0xd1,0xfe,0xff,0xff,0x48,
    0x98,0x48,0xc1,0xe0,0x05,0x48,0x03,0x81,0xb8,0x00,0x00,0x00,0xe9,0xe1,0xfe,0xff,
    0xff,0x0f,0x1f,0x80,0x00,0x00,0x00,0x00,0x89,0xca,0x4c,0x89,0xee,0x4c,0x89,0xf7,
    0xe8,0xcb,0xfa,0xb6,0xfd,0x49,0x8b,0x96,0x80,0x00,0x00,0x00,0x48,0x8b,0x0c,0xda,
    0x3d,0xff,0xff,0xff,0x3f,0x7e,0x59,0x2d,0x00,0x00,0x00,0x40,0x89,0xc2,0x83,0xe0,
    0x1f,0xc1,0xfa,0x05,0x48,0xc1,0xe0,0x05,0x48,0x63,0xd2,0x48,0xc1,0xe2,0x04,0x48,
    0x03,0x91,0xd0,0x00,0x00,0x00,0x48,0x03,0x02,0x48,0x85,0xc0,0x0f,0x84,0xf6,0xfe,
    0xff,0xff,0x8b,0x50,0x18,0x85,0xd2,0x0f,0x89,0x04,0x0e,0x00,0x00,0x48,0x8b,0x85,
    0xe0,0xfa,0xff,0xff,0x4c,0x89,0xee,0x48,0x8d,0xb8,0x50,0x01,0x00,0x00,0xe8,0xfd,
    0x10,0xff,0xff,0xe9,0x18,0xff,0xff,0xff,0x0f,0x1f,0x84,0x00,0x00,0x00,0x00,0x00,
    0x48,0x98,0x48,0xc1,0xe0,0x05,0x48,0x03,0x81,0xb8,0x00,0x00,0x00,0xeb,0xba,0x90,
    0x48,0x8d,0x05,0xe1,0xc0,0xb8,0x02,0x48,0x8d,0x95,0x90,0xfb,0xff,0xff,0x4c,0x89,
    0xee,0x4c,0x89,0xf7,0x48,0x89,0x85,0x90,0xfb,0xff,0xff,0xe8,0xd0,0x99,0x3d,0x00,
    0x84,0xc0,0x74,0x1b,0x48,0x8b,0x85,0xe0,0xfa,0xff,0xff,0x4c,0x89,0xee,0x48,0x8d,
    0xb8,0xc0,0x01,0x00,0x00,0xe8,0xa6,0x10,0xff,0xff,0xe9,0xc1,0xfe,0xff,0xff,0x48,
    0x8d,0x05,0xf2,0xe3,0xb8,0x02,0x48,0x8d,0x95,0x88,0xfb,0xff,0xff,0x4c,0x89,0xee,
    0x4c,0x89,0xf7,0x48,0x89,0x85,0x88,0xfb,0xff,0xff,0xe8,0x91,0x99,0x3d,0x00,0x84,
    0xc0,0x0f,0x84,0x9f,0xfe,0xff,0xff,0x48,0x8d,0x0d,0xd2,0xc2,0xfe,0x01,0xba,0xf1,
    0x00,0x00,0x00,0x48,0x8d,0x35,0xbe,0xe2,0x04,0x01,0x48,0x8d,0x3d,0xb7,0xf0,0x04,
    0x01,0xe8,0x9a,0x5c,0x15,0x00,0x66,0x2e,0x0f,0x1f,0x84,0x00,0x00,0x00,0x00,0x00,
    0x48,0x8b,0xbd,0x70,0xfa,0xff,0xff,0x4c,0x89,0xfe,0xe8,0x61,0x55,0x87,0xfe,0x4c,
    0x8b,0x68,0x10,0x4d,0x85,0xed,0x0f,0x84,0x1b,0xf7,0xff,0xff,0x48,0x8d,0x05,0x85,
    0xbf,0xb8,0x02,0x48,0x89,0x85,0xe8,0xfa,0xff,0xff,0x48,0x8d,0x85,0xb0,0xfb,0xff,
    0xff,0x48,0x89,0x85,0xd0,0xfa,0xff,0xff,0xe9,0x9b,0x02,0x00,0x00,0x0f,0x1f,0x00,
    0x2d,0x00,0x00,0x00,0x40,0x89,0xc2,0x83,0xe0,0x1f,0xc1,0xfa,0x05,0x48,0xc1,0xe0,
    0x05,0x48,0x63,0xd2,0x48,0xc1,0xe2,0x04,0x48,0x03,0x91,0xd0,0x00,0x00,0x00,0x48,
    0x03,0x02,0x41,0x8b,0x3f,0x39,0x78,0x08,0x0f,0x85,0xb4,0x0c,0x00,0x00,0x48,0x8b,
    0xb5,0x10,0xfb,0xff,0xff,0x48,0x8b,0xbd,0x00,0xfb,0xff,0xff,0x48,0x8d,0x05,0x65,
    0xbf,0xb8,0x02,0x48,0x89,0x85,0x90,0xfe,0xff,0xff,0xe8,0xf1,0xe0,0xb6,0xfd,0x48,
    0x89,0xc3,0x48,0x85,0xc0,0x0f,0x84,0x85,0x00,0x00,0x00,0x8b,0x48,0x10,0x83,0xe9,
    0x01,0x0f,0x88,0xd9,0x02,0x00,0x00,0x48,0x63,0xd9,0x49,0x63,0x45,0x08,0xba,0x01,
    0x00,0x00,0x00,0x48,0x89,0xde,0x48,0xd3,0xe2,0x48,0xc1,0xe0,0x04,0x48,0xc1,0xee,
    0x06,0x49,0x03,0x86,0xc8,0x00,0x00,0x00,0x48,0x85,0x14,0xf0,0x0f,0x84,0xae,0x02,
    0x00,0x00,0x48,0x8b,0xb5,0xf0,0xfa,0xff,0xff,0x89,0xca,0x4c,0x89,0xf7,0xe8,0xdd,
    0xf8,0xb6,0xfd,0x49,0x8b,0x96,0x80,0x00,0x00,0x00,0x48,0x8b,0x0c,0xda,0x3d,0xff,
    0xff,0xff,0x3f,0x0f,0x8e,0x97,0x02,0x00,0x00,0x2d,0x00,0x00,0x00,0x40,0x89,0xc2,
    0x83,0xe0,0x1f,0xc1,0xfa,0x05,0x48,0xc1,0xe0,0x05,0x48,0x63,0xd2,0x48,0xc1,0xe2,
    0x04,0x48,0x03,0x91,0xd0,0x00,0x00,0x00,0x48,0x03,0x02,0x48,0x89,0xc3,0x66,0x90,
    0x48,0x8b,0xb5,0x10,0xfb,0xff,0xff,0x48,0x8b,0xbd,0x00,0xfb,0xff,0xff,0x48,0x8d,
    0x05,0xc3,0xbe,0xb8,0x02,0x48,0x89,0x85,0x90,0xfe,0xff,0xff,0xe8,0x3f,0xe0,0xb6,
    0xfd,0x49,0x89,0xc4,0x48,0x85,0xc0,0x0f,0x84,0x83,0x00,0x00,0x00,0x8b,0x48,0x10,
    0x83,0xe9,0x01,0x0f,0x88,0x1f,0x02,0x00,0x00,0x4c,0x63,0xe1,0x49,0x63,0x45,0x08,
    0xba,0x01,0x00,0x00,0x00,0x4c,0x89,0xe6,0x48,0xd3,0xe2,0x48,0xc1,0xe0,0x04,0x48,
    0xc1,0xee,0x06,0x49,0x03,0x86,0xc8,0x00,0x00,0x00,0x48,0x85,0x14,0xf0,0x0f,0x84,
    0xf4,0x01,0x00,0x00,0x48,0x8b,0xb5,0xf0,0xfa,0xff,0xff,0x89,0xca,0x4c,0x89,0xf7,
    0xe8,0x2b,0xf8,0xb6,0xfd,0x49,0x8b,0x96,0x80,0x00,0x00,0x00,0x4a,0x8b,0x0c,0xe2,
    0x3d,0xff,0xff,0xff,0x3f,0x0f,0x8e,0x45,0x02,0x00,0x00,0x2d,0x00,0x00,0x00,0x40,
    0x89,0xc2,0x83,0xe0,0x1f,0xc1,0xfa,0x05,0x48,0xc1,0xe0,0x04,0x48,0x63,0xd2,0x48,
    0xc1,0xe2,0x04,0x48,0x03,0x91,0xd0,0x00,0x00,0x00,0x48,0x03,0x02,0x49,0x89,0xc4,
    0x48,0x8b,0xb5,0x10,0xfb,0xff,0xff,0x48,0x8b,0xbd,0x00,0xfb,0xff,0xff,0x48,0x8d,
    0x05,0x73,0xbe,0xb8,0x02,0x48,0x89,0x85,0x90,0xfe,0xff,0xff,0xe8,0x8f,0xdf,0xb6,
    0xfd,0x48,0x85,0xc0,0x0f,0x84,0x46,0x01,0x00,0x00,0x8b,0x48,0x10,0x83,0xe9,0x01,
    0x0f,0x88,0x3a,0x01,0x00,0x00,0x49,0x63,0x45,0x08,0x48,0x63,0xf9,0xba,0x01,0x00,
    0x00,0x00,0x48,0x89,0xbd,0xc8,0xfa,0xff,0xff,0x48,0xc1,0xef,0x06,0x48,0xd3,0xe2,
    0x48,0xc1,0xe0,0x04,0x49,0x03,0x86,0xc8,0x00,0x00,0x00,0x48,0x85,0x14,0xf8,0x0f,
    0x84,0x0b,0x01,0x00,0x00,0x48,0x8b,0xb5,0xf0,0xfa,0xff,0xff,0x89,0xca,0x4c,0x89,
    0xf7,0xe8,0x7a,0xf7,0xb6,0xfd,0x49,0x8b,0x96,0x80,0x00,0x00,0x00,0x48,0x8b,0x8d,
    0xc8,0xfa,0xff,0xff,0x48,0x8b,0x0c,0xca,0x3d,0xff,0xff,0xff,0x3f,0x0f,0x8e,0x45,
    0x01,0x00,0x00,0x2d,0x00,0x00,0x00,0x40,0x89,0xc2,0x83,0xe0,0x1f,0xc1,0xfa,0x05,
    0x48,0x63,0xd2,0x48,0xc1,0xe2,0x04,0x48,0x03,0x91,0xd0,0x00,0x00,0x00,0x48,0x8d,
    0x0c,0x40,0x48,0x8d,0x04,0x88,0x48,0xc1,0xe0,0x04,0x48,0x03,0x02,0x48,0x85,0xdb,
    0x0f,0x84,0x30,0x01,0x00,0x00,0x66,0x2e,0x0f,0x1f,0x84,0x00,0x00,0x00,0x00,0x00,
    0x8b,0x43,0x18,0x85,0xc0,0x0f,0x89,0x58,0x0a,0x00,0x00,0x48,0x8b,0x85,0xe0,0xfa,
    0xff,0xff,0x48,0x8b,0xb5,0xf0,0xfa,0xff,0xff,0x48,0x8d,0xb8,0x50,0x01,0x00,0x00,
    0xe8,0x8b,0x0d,0xff,0xff,0x41,0x8b,0x17,0x89,0x50,0x08,0x4d,0x8b,0x6d,0x00,0x4d,
    0x85,0xed,0x0f,0x84,0x5f,0xf4,0xff,0xff,0x48,0x8b,0x85,0xe8,0xfa,0xff,0xff,0x48,
    0x8b,0xb5,0xd0,0xfa,0xff,0xff,0x4d,0x8d,0x65,0x08,0x48,0x8b,0xbd,0x00,0xfb,0xff,
    0xff,0x4c,0x89,0xa5,0xf0,0xfa,0xff,0xff,0x48,0x89,0x85,0xb0,0xfb,0xff,0xff,0xe8,
    0xdc,0xeb,0xb6,0xfd,0x48,0x63,0xd8,0x4c,0x89,0xe6,0x4c,0x89,0xf7,0x89,0xda,0xe8,
    0xac,0xf6,0xb6,0xfd,0x49,0x8b,0x96,0x80,0x00,0x00,0x00,0x48,0x8b,0x0c,0xda,0x3d,
    0xff,0xff,0xff,0x3f,0x0f,0x8f,0x16,0xfd,0xff,0xff,0x48,0x98,0x48,0xc1,0xe0,0x05,
    0x48,0x03,0x81,0xb8,0x00,0x00,0x00,0xe9,0x26,0xfd,0xff,0xff,0x0f,0x1f,0x40,0x00,
    0x48,0x85,0xdb,0x0f,0x85,0x57,0xff,0xff,0xff,0x4d,0x85,0xe4,0x0f,0x84,0xb6,0x00,
    0x00,0x00,0x48,0x8b,0x85,0xe0,0xfa,0xff,0xff,0x48,0x8b,0xb5,0xf0,0xfa,0xff,0xff,
    0x48,0x8d,0xb8,0x88,0x01,0x00,0x00,0xe8,0xe4,0x0c,0xff,0xff,0xe9,0x54,0xff,0xff,
    0xff,0x0f,0x1f,0x80,0x00,0x00,0x00,0x00,0x45,0x31,0xe4,0xe9,0x50,0xfe,0xff,0xff,
    0x31,0xdb,0xe9,0x99,0xfd,0xff,0xff,0x66,0x0f,0x1f,0x84,0x00,0x00,0x00,0x00,0x00,
    0x48,0x98,0x48,0xc1,0xe0,0x05,0x48,0x03,0x81,0xb8,0x00,0x00,0x00,0x48,0x89,0xc3,
    0xe9,0x7b,0xfd,0xff,0xff,0x0f,0x1f,0x00,0x48,0x98,0x48,0x8d,0x14,0x40,0x48,0x8d,
    0x04,0x90,0x48,0xc1,0xe0,0x04,0x48,0x03,0x81,0xb8,0x00,0x00,0x00,0x48,0x85,0xdb,
    0x0f,0x85,0xda,0xfe,0xff,0xff,0x4d,0x85,0xe4,0x75,0x87,0x48,0x85,0xc0,0x74,0x38,
    0x48,0x8b,0x85,0xe0,0xfa,0xff,0xff,0x48,0x8b,0xb5,0xf0,0xfa,0xff,0xff,0x48,0x8d,
    0xb8,0xc0,0x01,0x00,0x00,0xe8,0x66,0x0c,0xff,0xff,0xe9,0xd6,0xfe,0xff,0xff,0x90,
    0x48,0x98,0x48,0xc1,0xe0,0x04,0x48,0x03,0x81,0xb8,0x00,0x00,0x00,0x49,0x89,0xc4,
    0xe9,0xcb,0xfd,0xff,0xff,0x0f,0x1f,0x00,0x48,0x8b,0xb5,0xf0,0xfa,0xff,0xff,0x48,
    0x8d,0x05,0x92,0xdf,0xb8,0x02,0x48,0x8d,0x95,0x80,0xfb,0xff,0xff,0x4c,0x89,0xf7,
    0x48,0x89,0x85,0x80,0xfb,0xff,0xff,0xe8,0x34,0x95,0x3d,0x00,0x84,0xc0,0x0f,0x84,
    0x97,0xfe,0xff,0xff,0x48,0x8d,0x0d,0x75,0xbe,0xfe,0x01,0xba,0x08,0x01,0x00,0x00,
    0x48,0x8d,0x35,0x61,0xde,0x04,0x01,0x48,0x8d,0x3d,0x5a,0xec,0x04,0x01,0xe8,0x3d,
    0x58,0x15,0x00,0x0f,0x1f,0x44,0x00,0x00,0x48,0x8b,0xbd,0x00,0xfb,0xff,0xff,0x48,
    0x8d,0xb5,0xb8,0xfb,0xff,0xff,0x48,0x89,0x9d,0xb8,0xfb,0xff,0xff,0xe8,0x6e,0xea,
    0xb6,0xfd,0x48,0x63,0xd8,0x4c,0x89,0xfe,0x4c,0x89,0xf7,0x89,0xda,0xe8,0x3e,0xf5,
    0xb6,0xfd,0x49,0x8b,0x96,0x80,0x00,0x00,0x00,0x48,0x8b,0x0c,0xda,0x3d,0xff,0xff,
    0xff,0x3f,0x0f,0x8e,0xec,0x00,0x00,0x00,0x2d,0x00,0x00,0x00,0x40,0x89,0xc2,0x83,
    0xe0,0x1f,0xc1,0xfa,0x05,0x48,0x69,0xc0,0x58,0x02,0x00,0x00,0x48,0x63,0xd2,0x48,
    0xc1,0xe2,0x04,0x48,0x03,0x91,0xd0,0x00,0x00,0x00,0x48,0x03,0x02,0x48,0x8b,0x90,
    0xe0,0x00,0x00,0x00,0x48,0x8b,0x80,0xe8,0x00,0x00,0x00,0x48,0x89,0x85,0xe8,0xfa,
    0xff,0xff,0x48,0x39,0xc2,0x0f,0x84,0xcd,0xf2,0xff,0xff,0x48,0x89,0x95,0xf0,0xfa,
    0xff,0xff,0x4c,0x8d,0xad,0x40,0xfb,0xff,0xff,0x0f,0x1f,0x80,0x00,0x00,0x00,0x00,
    0x48,0x8b,0xb5,0xf0,0xfa,0xff,0xff,0x48,0x8b,0xbd,0xc0,0xfa,0xff,0xff,0xe8,0x2d,
    0xcf,0x8a,0xfe,0x89,0x85,0x90,0xfe,0xff,0xff,0x85,0xc0,0x0f,0x88,0xd3,0x07,0x00,
    0x00,0x48,0x8b,0xb5,0x10,0xfb,0xff,0xff,0x48,0x8b,0xbd,0xa0,0xfa,0xff,0xff,0xe8,
    0x0c,0x2b,0x81,0xfe,0x4c,0x8b,0x60,0x08,0x48,0x8b,0x18,0x4c,0x39,0xe3,0x74,0x33,
    0x48,0x8b,0xbd,0xf8,0xfa,0xff,0xff,0x48,0x89,0xde,0xe8,0x21,0x37,0x00,0x00,0x48,
    0x8d,0x73,0x04,0xb9,0x01,0x00,0x00,0x00,0x4c,0x89,0xea,0x48,0x89,0xc7,0x48,0x89,
    0x85,0x40,0xfb,0xff,0xff,0xe8,0x86,0x2e,0x00,0x00,0x48,0x83,0xc3,0x08,0x49,0x39,
    0xdc,0x75,0xcd,0x48,0x83,0x85,0xf0,0xfa,0xff,0xff,0x04,0x48,0x8b,0x85,0xf0,0xfa,
    0xff,0xff,0x48,0x39,0x85,0xe8,0xfa,0xff,0xff,0x0f,0x85,0x71,0xff,0xff,0xff,0xe9,
    0x24,0xf2,0xff,0xff,0x48,0x98,0x48,0x69,0xc0,0x58,0x02,0x00,0x00,0x48,0x03,0x81,
    0xb8,0x00,0x00,0x00,0xe9,0x24,0xff,0xff,0xff,0x48,0x98,0x48,0x89,0xc2,0x48,0xc1,
    0xe2,0x05,0x48,0x01,0xd0,0x48,0x8b,0x91,0xb8,0x00,0x00,0x00,0x48,0x8d,0x14,0xc2,
    0xe9,0x48,0xef,0xff,0xff,0x48,0x8d,0xbd,0x10,0xfd,0xff,0xff,0x4c,0x89,0xfa,0xe8,
    0x9c,0x7a,0xbf,0xfd,0xe9,0xb7,0xf1,0xff,0xff,0x48,0x8b,0x9d,0xe0,0xfd,0xff,0xff,
    0x48,0x85,0xdb,0x0f,0x84,0x8f,0x00,0x00,0x00,0x48,0x8d,0x85,0xc0,0xfc,0xff,0xff,
    0x4c,0x8d,0x2d,0xb1,0xb9,0xb8,0x02,0x48,0x89,0x85,0xe8,0xfa,0xff,0xff,0x48,0x8b,
    0x85,0xe0,0xfa,0xff,0xff,0x4c,0x8d,0x3d,0x5c,0xba,0xb8,0x02,0x48,0x83,0xc0,0x70,
    0x48,0x89,0x85,0xd8,0xfa,0xff,0xff,0x4c,0x8d,0x63,0x08,0x48,0x8b,0x95,0x00,0xfb,
    0xff,0xff,0x4c,0x89,0xf7,0x4c,0x89,0xad,0xe0,0xfc,0xff,0xff,0x4c,0x89,0xe6,0xe8,
    0x3c,0x93,0x3d,0x00,0x84,0xc0,0x0f,0x84,0xcc,0x05,0x00,0x00,0x48,0x8b,0x95,0xe8,
    0xfa,0xff,0xff,0x4c,0x89,0xe6,0x4c,0x89,0xf7,0x4c,0x89,0xbd,0xc0,0xfc,0xff,0xff,
    0xe8,0x1b,0x93,0x3d,0x00,0x84,0xc0,0x0f,0x84,0xab,0x05,0x00,0x00,0x48,0x8b,0xbd,
    0xd8,0xfa,0xff,0xff,0x4c,0x89,0xe6,0xe8,0x94,0x07,0xff,0xff,0xc6,0x40,0x05,0x01,
    0x48,0x8b,0x1b,0x48,0x85,0xdb,0x75,0x9f,0x48,0x8b,0x9d,0x20,0xfe,0xff,0xff,0x48,
    0x85,0xdb,0x74,0x7d,0x48,0x8d,0x85,0xc0,0xfc,0xff,0xff,0x4c,0x8d,0x2d,0x16,0xb9,
    0xb8,0x02,0x48,0x89,0x85,0xe8,0xfa,0xff,0xff,0x4c,0x8d,0x3d,0x58,0xb9,0xb8,0x02,
    0x4c,0x8d,0x63,0x08,0x48,0x8b,0x95,0x00,0xfb,0xff,0xff,0x4c,0x89,0xf7,0x4c,0x89,
    0xad,0xe0,0xfc,0xff,0xff,0x4c,0x89,0xe6,0xe8,0xb3,0x92,0x3d,0x00,0x84,0xc0,0x0f,
    0x84,0x18,0x05,0x00,0x00,0x48,0x8b,0x95,0xe8,0xfa,0xff,0xff,0x4c,0x89,0xe6,0x4c,
    0x89,0xf7,0x4c,0x89,0xbd,0xc0,0xfc,0xff,0xff,0xe8,0x92,0x92,0x3d,0x00,0x84,0xc0,
    0x0f,0x84,0xf7,0x04,0x00,0x00,0x48,0x8b,0xbd,0xe0,0xfa,0xff,0xff,0x4c,0x89,0xe6,
    0xe8,0x0b,0x07,0xff,0xff,0xc6,0x40,0x05,0x01,0x48,0x8b,0x1b,0x48,0x85,0xdb,0x75,
    0x9f,0x4c,0x8b,0xa5,0x60,0xfe,0xff,0xff,0x48,0x8d,0x05,0xa9,0xb8,0xb8,0x02,0x48,
    0x8d,0x9d,0xe0,0xfc,0xff,0xff,0x48,0x89,0x85,0xe8,0xfa,0xff,0xff,0x4c,0x8d,0x3d,
    0x44,0xb9,0xb8,0x02,0x4d,0x85,0xe4,0x74,0x68,0x4d,0x8d,0x6c,0x24,0x08,0x48,0x8b,
    0x85,0xe8,0xfa,0xff,0xff,0x48,0x89,0xda,0x4c,0x89,0xf7,0x4c,0x89,0xee,0x48,0x89,
    0x85,0xe0,0xfc,0xff,0xff,0xe8,0x26,0x92,0x3d,0x00,0x84,0xc0,0x0f,0x84,0x83,0x05,
    0x00,0x00,0x48,0x89,0xda,0x4c,0x89,0xee,0x4c,0x89,0xf7,0x4c,0x89,0xbd,0xe0,0xfc,
    0xff,0xff,0xe8,0x09,0x92,0x3d,0x00,0x84,0xc0,0x0f,0x84,0x3b,0x05,0x00,0x00,0x48,
    0x8b,0x85,0xe0,0xfa,0xff,0xff,0x4c,0x89,0xee,0x48,0x8d,0xb8,0xc0,0x01,0x00,0x00,
    0xe8,0xdb,0x08,0xff,0xff,0xc6,0x00,0x01,0x4d,0x8b,0x24,0x24,0x4d,0x85,0xe4,0x75,
    0x98,0x4c,0x8b,0xad,0xa0,0xfe,0xff,0xff,0x48,0x8d,0x05,0x19,0xb8,0xb8,0x02,0x48,
    0x8d,0x9d,0xe0,0xfc,0xff,0xff,0x48,0x89,0x85,0xe8,0xfa,0xff,0xff,0x4d,0x85,0xed,
    0x0f,0x84,0xd1,0x00,0x00,0x00,0x48,0x8b,0x85,0xe0,0xfa,0xff,0xff,0x4c,0x8d,0x3d,
    0x34,0xb8,0xb8,0x02,0x48,0x8d,0x88,0x18,0x01,0x00,0x00,0x48,0x05,0x50,0x01,0x00,
    0x00,0x48,0x89,0x8d,0x00,0xfb,0xff,0xff,0x48,0x89,0x85,0xe0,0xfa,0xff,0xff,0xeb,
    0x26,0x0f,0x1f,0x80,0x00,0x00,0x00,0x00,0x48,0x8b,0xbd,0xe0,0xfa,0xff,0xff,0x4c,
    0x89,0xe6,0xe8,0x69,0x08,0xff,0xff,0xc6,0x00,0x01,0x4d,0x8b,0x6d,0x00,0x4d,0x85,
    0xed,0x0f,0x84,0x80,0x00,0x00,0x00,0x4d,0x8d,0x65,0x08,0x48,0x8b,0x85,0xe8,0xfa,
    0xff,0xff,0x48,0x89,0xda,0x4c,0x89,0xf7,0x4c,0x89,0xe6,0x48,0x89,0x85,0xe0,0xfc,
    0xff,0xff,0xe8,0x49,0x91,0x3d,0x00,0x84,0xc0,0x0f,0x84,0x5c,0x04,0x00,0x00,0x48,
    0x89,0xda,0x4c,0x89,0xe6,0x4c,0x89,0xf7,0x4c,0x89,0xbd,0xe0,0xfc,0xff,0xff,0xe8,
    0x2c,0x91,0x3d,0x00,0x84,0xc0,0x75,0xa0,0x48,0x8d,0x05,0x69,0xdb,0xb8,0x02,0x48,
    0x89,0xda,0x4c,0x89,0xe6,0x4c,0x89,0xf7,0x48,0x89,0x85,0xe0,0xfc,0xff,0xff,0xe8,
    0x0c,0x91,0x3d,0x00,0x84,0xc0,0x0f,0x84,0xf4,0x03,0x00,0x00,0x48,0x8b,0xbd,0x00,
    0xfb,0xff,0xff,0x4c,0x89,0xe6,0xe8,0xe5,0x07,0xff,0xff,0xc6,0x00,0x01,0x4d,0x8b,
    0x6d,0x00,0x4d,0x85,0xed,0x75,0x80,0x48,0x8b,0xbd,0x10,0xfb,0xff,0xff,0xe8,0xdd,
    0x89,0xe9,0xfd,0x48,0x8b,0xbd,0xb8,0xfa,0xff,0xff,0xe8,0xd1,0x89,0xe9,0xfd,0x48,
    0x8b,0xbd,0xc8,0xfa,0xff,0xff,0xe8,0xc5,0x89,0xe9,0xfd,0x48,0x8b,0xbd,0xd0,0xfa,
    0xff,0xff,0xe8,0xb9,0x89,0xe9,0xfd,0x48,0x8b,0xbd,0xf0,0xfa,0xff,0xff,0xe8,0xad,
    0x89,0xe9,0xfd,0x48,0x8b,0xbd,0xc0,0xfa,0xff,0xff,0xe8,0x11,0x0f,0xc3,0xfd,0x48,
    0x8b,0x85,0x98,0xfa,0xff,0xff,0x45,0x31,0xc0,0x4c,0x89,0xf7,0x48,0x8b,0x8d,0x40,
    0xfa,0xff,0xff,0x48,0x8b,0xb0,0x20,0x01,0x00,0x00,0x48,0x8d,0x96,0xf8,0x01,0x00,
    0x00,0xe8,0xaa,0xa4,0xff,0xff,0x48,0x8b,0x85,0x98,0xfa,0xff,0xff,0x48,0x8b,0xb5,
    0x18,0xfa,0xff,0xff,0x45,0x31,0xc0,0x4c,0x89,0xf7,0x48,0x8b,0x80,0x20,0x01,0x00,
    0x00,0x48,0x8d,0x88,0xf8,0x01,0x00,0x00,0x48,0x8d,0x90,0x18,0x01,0x00,0x00,0xe8,
    0x6c,0x96,0xff,0xff,0x48,0x8b,0xbd,0xf8,0xfa,0xff,0xff,0xe8,0x40,0x34,0x00,0x00,
    0x48,0x8b,0xbd,0x10,0xfd,0xff,0xff,0x48,0x85,0xff,0x74,0x05,0xe8,0xcf,0x57,0x86,
    0xfd,0x48,0x8b,0x45,0xc8,0x64,0x48,0x33,0x04,0x25,0x28,0x00,0x00,0x00,0x0f,0x85,
    0xfe,0x02,0x00,0x00,0x48,0x8d,0x65,0xd8,0x5b,0x41,0x5c,0x41,0x5d,0x41,0x5e,0x41,
    0x5f,0x5d,0xc3,0x48,0x8b,0x9d,0xa0,0xfd,0xff,0xff,0x48,0x85,0xdb,0x0f,0x84,0x66,
    0xfc,0xff,0xff,0x48,0x8b,0x85,0xe0,0xfa,0xff,0xff,0x4c,0x8d,0x2d,0x77,0xb6,0xb8,
    0x02,0x4c,0x8d,0x3d,0xe0,0xb6,0xb8,0x02,0x48,0x8d,0x48,0x70,0x48,0x05,0xa8,0x00,
    0x00,0x00,0x48,0x89,0x8d,0xe8,0xfa,0xff,0xff,0x48,0x89,0x85,0xd8,0xfa,0xff,0xff,
    0xeb,0x63,0x66,0x0f,0x1f,0x44,0x00,0x00,0x48,0x8b,0x95,0x00,0xfb,0xff,0xff,0x4c,
    0x89,0xe6,0x4c,0x89,0xf7,0x4c,0x89,0xad,0xe0,0xfc,0xff,0xff,0xe8,0xaf,0x8f,0x3d,
    0x00,0x84,0xc0,0x75,0x7d,0x48,0x8b,0x95,0x00,0xfb,0xff,0xff,0x4c,0x89,0xe6,0x4c,
    0x89,0xf7,0x4c,0x89,0xbd,0xe0,0xfc,0xff,0xff,0xe8,0x92,0x8f,0x3d,0x00,0x84,0xc0,
    0x0f,0x84,0x4d,0x02,0x00,0x00,0x48,0x8b,0xbd,0xe8,0xfa,0xff,0xff,0x4c,0x89,0xe6,
    0xe8,0x0b,0x04,0xff,0xff,0xc6,0x40,0x05,0x01,0x48,0x8b,0x1b,0x48,0x85,0xdb,0x0f,
    0x84,0xd4,0xfb,0xff,0xff,0x4c,0x8d,0x63,0x08,0x48,0x8b,0x95,0x00,0xfb,0xff,0xff,
    0x48,0x8d,0x05,0x91,0xce,0xb8,0x02,0x4c,0x89,0xf7,0x4c,0x89,0xe6,0x48,0x89,0x85,
    0xe0,0xfc,0xff,0xff,0xe8,0x47,0x8f,0x3d,0x00,0x84,0xc0,0x0f,0x84,0x77,0xff,0xff,
    0xff,0x48,0x8b,0xbd,0xd8,0xfa,0xff,0xff,0x4c,0x89,0xe6,0xe8,0xc0,0x03,0xff,0xff,
    0xeb,0xb3,0x48,0x8b,0xbd,0xe0,0xfa,0xff,0xff,0x4c,0x89,0xe6,0xe8,0xaf,0x03,0xff,
    0xff,0xeb,0xa2,0x45,0x31,0xe4,0xe9,0xb5,0xd7,0xff,0xff,0x48,0x8d,0x3d,0xdd,0xae,
    0x0a,0x01,0xe8,0x39,0x36,0xb6,0xfd,0x48,0x8d,0x85,0x60,0xfc,0xff,0xff,0x48,0xc7,
    0x85,0x60,0xfc,0xff,0xff,0x00,0x00,0x00,0x00,0x48,0xc7,0x85,0x68,0xfc,0xff,0xff,
    0x00,0x00,0x00,0x00,0x48,0xc7,0x85,0x70,0xfc,0xff,0xff,0x00,0x00,0x00,0x00,0x48,
    0x89,0x85,0x88,0xfa,0xff,0xff,0x48,0x8b,0xbd,0x88,0xfa,0xff,0xff,0xe8,0x3e,0x00,
    0xff,0xff,0x48,0x8b,0xbd,0xf8,0xfa,0xff,0xff,0xe8,0xc2,0x87,0xe9,0xfd,0x48,0x8b,
    0xbd,0x30,0xfa,0xff,0xff,0xe8,0x26,0x0d,0xc3,0xfd,0x48,0x8b,0xbd,0xf0,0xfa,0xff,
    0xff,0xe8,0xaa,0x87,0xe9,0xfd,0xe9,0x41,0xe7,0xff,0xff,0x31,0xdb,0xe9,0xec,0xed,
    0xff,0xff,0x48,0x8d,0x0d,0xe7,0xad,0xfe,0x01,0xba,0x79,0x0f,0x00,0x00,0x48,0x8d,
    0x35,0xb3,0x7a,0x01,0x01,0x48,0x8d,0x3d,0x1c,0xa0,0x01,0x01,0xe8,0x9f,0x51,0x86,
    0xfd,0x48,0x8d,0x0d,0xc8,0xb7,0xfe,0x01,0xba,0xdc,0x00,0x00,0x00,0x48,0x8d,0x35,
    0xb4,0xd7,0x04,0x01,0x48,0x8d,0x3d,0xf5,0xe4,0x04,0x01,0xe8,0x90,0x51,0x15,0x00,
    0x48,0x8d,0x05,0xf9,0xb6,0xb8,0x02,0x48,0x8d,0x9d,0xe0,0xfc,0xff,0xff,0xc7,0x85,
    0x0c,0xfd,0xff,0xff,0x00,0x00,0x00,0x00,0x48,0x89,0x85,0xe0,0xfc,0xff,0xff,0x48,
    0x83,0xc0,0x30,0x48,0x8d,0xb5,0x10,0xfc,0xff,0xff,0x48,0x89,0xdf,0x48,0x89,0x85,
    0xe8,0xfc,0xff,0xff,0x48,0x8d,0x05,0x75,0x37,0xb3,0x02,0x48,0x89,0x85,0x10,0xfc,
    0xff,0xff,0x48,0x8b,0x85,0xa0,0xfb,0xff,0xff,0x48,0xc7,0x85,0xf0,0xfc,0xff,0xff,
    0x00,0x00,0x00,0x00,0x48,0xc7,0x85,0xf8,0xfc,0xff,0xff,0x00,0x00,0x00,0x00,0x48,
    0xc7,0x85,0x00,0xfd,0xff,0xff,0x00,0x00,0x00,0x00,0xc7,0x85,0x08,0xfd,0xff,0xff,
    0xff,0xff,0xff,0xff,0x48,0x89,0x85,0x18,0xfc,0xff,0xff,0xe8,0xf0,0xe1,0xb6,0xfd,
    0x49,0x89,0xd8,0x48,0x8d,0x0d,0x66,0xbe,0xfe,0x01,0xba,0xe0,0x00,0x00,0x00,0x48,
    0x8d,0x35,0xea,0x85,0x01,0x01,0x48,0x8d,0x3d,0x69,0xb0,0x0a,0x01,0xe8,0x6e,0x4e,
    0x15,0x00,0x48,0x8d,0x0d,0x47,0xa8,0xfe,0x01,0xba,0x79,0x0f,0x00,0x00,0x48,0x8d,
    0x35,0xd3,0x79,0x01,0x01,0x48,0x8d,0x3d,0x3c,0x9f,0x01,0x01,0xe8,0xbf,0x50,0x86,
    0xfd,0x44,0x8b,0xbd,0xe8,0xfa,0xff,0xff,0xe9,0x34,0xe0,0xff,0xff,0x41,0x8b,0x34,
    0x24,0x4c,0x89,0xf7,0xe8,0xe7,0x17,0xff,0xff,0x48,0x8d,0x0d,0xb0,0xa3,0xfe,0x01,
    0xba,0xd4,0x01,0x00,0x00,0x48,0x8d,0x35,0xbc,0xd6,0x04,0x01,0x48,0x8d,0x3d,0x33,
    0x90,0x0a,0x01,0xe8,0x98,0x50,0x15,0x00,0x41,0x8b,0x34,0x24,0x4c,0x89,0xf7,0xe8,
    0xbc,0x17,0xff,0xff,0x48,0x8d,0x0d,0x85,0xa3,0xfe,0x01,0xba,0xc9,0x01,0x00,0x00,
    0x48,0x8d,0x35,0x91,0xd6,0x04,0x01,0x48,0x8d,0x3d,0x08,0x90,0x0a,0x01,0xe8,0x6d,
    0x50,0x15,0x00,0x48,0x8d,0x0d,0x66,0xa3,0xfe,0x01,0xba,0xc1,0x01,0x00,0x00,0x48,
    0x8d,0x35,0x72,0xd6,0x04,0x01,0x48,0x8d,0x3d,0xe9,0x8f,0x0a,0x01,0xe8,0x4e,0x50,
    0x15,0x00,0xe8,0x49,0x50,0x86,0xfd,0x66,0x0f,0x1f,0x84,0x00,0x00,0x00,0x00,0x00,
    0x41,0x8b,0x34,0x24,0x4c,0x89,0xf7,0xe8,0x64,0x17,0xff,0xff,0x48,0x8d,0x0d,0x2d,
    0xa3,0xfe,0x01,0xba,0xf2,0x01,0x00,0x00,0x48,0x8d,0x35,0x39,0xd6,0x04,0x01,0x48,
    0x8d,0x3d,0xb0,0x8f,0x0a,0x01,0xe8,0x15,0x50,0x15,0x00,0x48,0x8d,0x0d,0x0e,0xa3,
    0xfe,0x01,0xba,0xe9,0x01,0x00,0x00,0x48,0x8d,0x35,0x1a,0xd6,0x04,0x01,0x48,0x8d,
    0x3d,0xbb,0xe4,0x04,0x01,0xe8,0xf6,0x4f,0x15,0x00,0x41,0x8b,0x75,0x00,0x4c,0x89,
    0xf7,0xe8,0x1a,0x17,0xff,0xff,0x48,0x8d,0x0d,0xe3,0xa2,0xfe,0x01,0xba,0xe1,0x01,
    0x00,0x00,0x48,0x8d,0x35,0xef,0xd5,0x04,0x01,0x48,0x8d,0x3d,0x66,0x8f,0x0a,0x01,
    0xe8,0xcb,0x4f,0x15,0x00,0x48,0x8d,0x0d,0xc4,0xa2,0xfe,0x01,0xba,0xde,0x01,0x00,
    0x00,0x48,0x8d,0x35,0xd0,0xd5,0x04,0x01,0x48,0x8d,0x3d,0x71,0xe4,0x04,0x01,0xe8,
    0xac,0x4f,0x15,0x00,0x48,0x8d,0x0d,0x05,0xc3,0xfe,0x01,0xba,0x97,0x07,0x00,0x00,
    0x48,0x8d,0x35,0xb1,0xd5,0x04,0x01,0x48,0x8d,0x3d,0x6c,0xb4,0x0c,0x01,0xe8,0x8d,
    0x4f,0x15,0x00,0x48,0x8d,0x0d,0xa6,0xb5,0xfe,0x01,0xba,0x00,0x01,0x00,0x00,0x48,
    0x8d,0x35,0x92,0xd5,0x04,0x01,0x48,0x8d,0x3d,0xbf,0xeb,0x0c,0x01,0xe8,0x6e,0x4f,
    0x15,0x00,0x48,0x8d,0x0d,0x87,0xb5,0xfe,0x01,0xba,0xf9,0x00,0x00,0x00,0x48,0x8d,
    0x35,0x73,0xd5,0x04,0x01,0x48,0x8d,0x3d,0xbc,0xe3,0x04,0x01,0xe8,0x4f,0x4f,0x15,
    0x00,0x48,0x8d,0x0d,0x68,0xb5,0xfe,0x01,0xba,0xea,0x00,0x00,0x00,0x48,0x8d,0x35,
    0x54,0xd5,0x04,0x01,0x48,0x8d,0x3d,0x81,0xeb,0x0c,0x01,0xe8,0x30,0x4f,0x15,0x00,
    0x48,0x8d,0x0d,0x49,0xb5,0xfe,0x01,0xba,0xe5,0x00,0x00,0x00,0x48,0x8d,0x35,0x35,
    0xd5,0x04,0x01,0x48,0x8d,0x3d,0xd6,0xe2,0x04,0x01,0xe8,0x11,0x4f,0x15,0x00,0xe8,
    0x7c,0x55,0x86,0xfd,0x0f,0x1f,0x40,0x00,0x48,0x8d,0x0d,0xc1,0xaf,0xfe,0x01,0xba,
    0x79,0x0f,0x00,0x00,0x48,0x8d,0x35,0xed,0x77,0x01,0x01,0x48,0x8d,0x3d,0x56,0x9d,
    0x01,0x01,0xe8,0xd9,0x4e,0x86,0xfd,0xe8,0x54,0x55,0x86,0xfd,0xe8,0x4f,0x55,0x86,
    0xfd,0x48,0x8d,0x0d,0x98,0xbc,0xfe,0x01,0xba,0xbe,0x06,0x00,0x00,0x48,0x8d,0x35,
    0xe4,0xd4,0x04,0x01,0x48,0x8d,0x3d,0x3d,0xe1,0x04,0x01,0xe8,0xc0,0x4e,0x15,0x00,
    0x48,0x8d,0x0d,0x79,0xbc,0xfe,0x01,0xba,0xbf,0x06,0x00,0x00,0x48,0x8d,0x35,0xc5,
    0xd4,0x04,0x01,0x48,0x8d,0x3d,0x46,0xe1,0x04,0x01,0xe8,0xa1,0x4e,0x15,0x00,0x48,
    0x8d,0x0d,0x5a,0xbc,0xfe,0x01,0xba,0xc1,0x06,0x00,0x00,0x48,0x8d,0x35,0xa6,0xd4,
    0x04,0x01,0x48,0x8d,0x3d,0x67,0xe1,0x04,0x01,0xe8,0x82,0x4e,0x15,0x00,0x48,0x8d,
    0x85,0x60,0xfc,0xff,0xff,0x48,0x89,0x85,0x88,0xfa,0xff,0xff,0xe9,0x65,0xfc,0xff,
    0xff,0x48,0x8d,0x0d,0xc8,0xc1,0xfe,0x01,0xba,0x6f,0x07,0x00,0x00,0x48,0x8d,0x35,
    0x74,0xd4,0x04,0x01,0x48,0x8d,0x3d,0x4d,0xe0,0x04,0x01,0xe8,0x50,0x4e,0x15,0x00,
    0x48,0x8d,0x0d,0x09,0xbc,0xfe,0x01,0xba,0xd1,0x06,0x00,0x00,0x48,0x8d,0x35,0x55,
    0xd4,0x04,0x01,0x48,0x8d,0x3d,0x48,0xeb,0x0c,0x01,0xe8,0x31,0x4e,0x15,0x00,0x48,
    0x8d,0x0d,0xea,0xbb,0xfe,0x01,0xba,0xd2,0x06,0x00,0x00,0x48,0x8d,0x35,0x36,0xd4,
    0x04,0x01,0x48,0x8d,0x3d,0x37,0xe1,0x04,0x01,0xe8,0x12,0x4e,0x15,0x00,0xe8,0x7d,
    0x54,0x86,0xfd,0xf3,0x0f,0x1e,0xfa,0x48,0x89,0xc3,0xe9,0xb7,0x46,0xa2,0xfd,0xf3,
    0x0f,0x1e,0xfa,0x49,0x89,0xc4,0xe9,0x07,0x47,0xa2,0xfd,0xf3,0x0f,0x1e,0xfa,0x48,
    0x89,0xc3,0xe9,0x08,0x47,0xa2,0xfd,0xf3,0x0f,0x1e,0xfa,0x48,0x89,0xc3,0xe9,0xf1,
    0x47,0xa2,0xfd,0xf3,0x0f,0x1e,0xfa,0x48,0x89,0xc3,0xe9,0x6f,0x47,0xa2,0xfd,0xf3,
    0x0f,0x1e,0xfa,0x48,0x89,0xc3,0xe9,0xf6,0x47,0xa2,0xfd,0xf3,0x0f,0x1e,0xfa,0x48,
    0x89,0xc3,0xe9,0x93,0x46,0xa2,0xfd,0xf3,0x0f,0x1e,0xfa,0x48,0x89,0xc3,0xe9,0xa9,
    0x47,0xa2,0xfd,0xf3,0x0f,0x1e,0xfa,0x48,0x89,0xc3,0xe9,0x6f,0x47,0xa2,0xfd,0xf3,
    0x0f,0x1e,0xfa,0x48,0x89,0xc3,0xe9,0xfc,0x46,0xa2,0xfd,0xf3,0x0f,0x1e,0xfa,0x48,
    0x89,0xc3,0xe9,0xe4,0x46,0xa2,0xfd,0xf3,0x0f,0x1e,0xfa,0x48,0x89,0xc3,0xe9,0x85,
    0x47,0xa2,0xfd,0xf3,0x0f,0x1e,0xfa,0x48,0x89,0xc3,0xe9,0x5c,0x47,0xa2,0xfd,0xf3,
    0x0f,0x1e,0xfa,0x48,0x89,0xc3,0xe9,0x85,0x47,0xa2,0xfd,0xf3,0x0f,0x1e,0xfa,0x48,
    0x89,0xc3,0xe9,0xe6,0x46,0xa2,0xfd,0xf3,0x0f,0x1e,0xfa,0x48,0x89,0xc3,0xe9,0x08,
    0x47,0xa2,0xfd,0xf3,0x0f,0x1e,0xfa,0x48,0x89,0xc3,0xe9,0x03,0x46,0xa2,0xfd,
};
constexpr unsigned char kMapContext1[] = {
    0x55,0x48,0x89,0xe5,0x41,0x57,0x49,0x89,0xd7,0x41,0x56,0x41,0x55,0x41,0x54,0x53,
    0x48,0x81,0xec,0x78,0x04,0x00,0x00,0x48,0x8b,0x45,0x10,0x4c,0x8b,0x75,0x38,0x48,
    0x89,0xbd,0xa8,0xfb,0xff,0xff,0x48,0x89,0xb5,0xc8,0xfb,0xff,0xff,0x48,0x8b,0x7d,
    0x48,0x48,0x89,0x85,0xb0,0xfb,0xff,0xff,0x48,0x8b,0x45,0x18,0x48,0x8b,0x75,0x40,
    0x48,0x89,0x8d,0xe8,0xfb,0xff,0xff,0x48,0x8d,0x8d,0x10,0xfe,0xff,0xff,0x48,0x89,
    0x85,0xd8,0xfb,0xff,0xff,0x48,0x8b,0x45,0x20,0x4c,0x89,0x85,0xb8,0xfb,0xff,0xff,
    0x4c,0x8d,0x85,0xd0,0xfd,0xff,0xff,0x48,0x89,0x85,0x10,0xfc,0xff,0xff,0x48,0x8b,
    0x45,0x28,0x4c,0x89,0x8d,0x18,0xfc,0xff,0xff,0x48,0x89,0x85,0xa0,0xfb,0xff,0xff,
    0x48,0x8b,0x45,0x30,0x48,0x89,0xbd,0x00,0xfc,0xff,0xff,0x48,0x8d,0xbd,0x70,0xfe,
    0xff,0xff,0x4c,0x89,0xb5,0x90,0xfb,0xff,0xff,0x48,0x8b,0x50,0x08,0x48,0x89,0xb5,
    0x38,0xfc,0xff,0xff,0x64,0x48,0x8b,0x34,0x25,0x28,0x00,0x00,0x00,0x48,0x89,0x75,
    0xc8,0x31,0xf6,0x48,0x8b,0x30,0x48,0x8d,0x85,0xb0,0xfe,0xff,0xff,0x48,0x89,0x85,
    0x28,0xfc,0xff,0xff,0x49,0x89,0xc1,0x48,0x89,0xc3,0x4c,0x89,0x85,0x80,0xfb,0xff,
    0xff,0x51,0x48,0x89,0x8d,0x78,0xfb,0xff,0xff,0x48,0x8d,0x8d,0x30,0xfe,0xff,0xff,
    0x51,0x48,0x89,0x8d,0x88,0xfb,0xff,0xff,0x48,0x8d,0x8d,0xf0,0xfd,0xff,0xff,0x51,
    0x48,0x89,0x8d,0x70,0xfb,0xff,0xff,0x48,0x8d,0x8d,0x50,0xfe,0xff,0xff,0x51,0x48,
    0x89,0x8d,0xf8,0xfb,0xff,0xff,0x31,0xc9,0x48,0x89,0xbd,0x98,0xfb,0xff,0xff,0xe8,
    0x6c,0xe0,0x00,0x00,0x48,0x8d,0x05,0x8d,0x81,0xb9,0x02,0x48,0x83,0xc4,0x20,0x48,
    0x89,0xde,0x48,0x89,0x85,0xb0,0xfe,0xff,0xff,0x49,0x8d,0x47,0x48,0x48,0x89,0xc7,
    0x48,0x89,0x85,0x40,0xfc,0xff,0xff,0xe8,0x64,0x98,0xb7,0xfd,0x89,0x85,0x6c,0xfb,
    0xff,0xff,0x4d,0x8b,0x6e,0x10,0x48,0x8d,0x05,0x0b,0x69,0xb9,0x02,0x48,0x89,0x85,
    0x20,0xfc,0xff,0xff,0x48,0x8d,0x85,0x68,0xfc,0xff,0xff,0x48,0x89,0x85,0xe0,0xfb,
    0xff,0xff,0x4d,0x85,0xed,0x0f,0x84,0x0b,0x06,0x00,0x00,0x48,0x8b,0x85,0x20,0xfc,
    0xff,0xff,0x48,0x8b,0xb5,0xe0,0xfb,0xff,0xff,0x4d,0x8d,0x75,0x08,0x48,0x8b,0xbd,
    0x40,0xfc,0xff,0xff,0x4c,0x89,0xb5,0xf0,0xfb,0xff,0xff,0x48,0x89,0x85,0x68,0xfc,
    0xff,0xff,0xe8,0x09,0x98,0xb7,0xfd,0x48,0x63,0xd8,0x4c,0x89,0xf6,0x4c,0x89,0xff,
    0x89,0xda,0xe8,0xd9,0xa2,0xb7,0xfd,0x49,0x8b,0x97,0x80,0x00,0x00,0x00,0x48,0x8b,
    0x0c,0xda,0x3d,0xff,0xff,0xff,0x3f,0x0f,0x8e,0x23,0x07,0x00,0x00,0x2d,0x00,0x00,
    0x00,0x40,0x89,0xc2,0x83,0xe0,0x1f,0xc1,0xfa,0x05,0x48,0x63,0xd2,0x48,0xc1,0xe2,
    0x04,0x48,0x03,0x91,0xd0,0x00,0x00,0x00,0x48,0x89,0xc1,0x48,0xc1,0xe1,0x04,0x48,
    0x8b,0x12,0x48,0x01,0xc8,0x4c,0x8d,0x34,0xc2,0x41,0x8b,0x45,0x08,0x49,0x8d,0x5d,
    0x10,0x89,0x85,0x54,0xfc,0xff,0xff,0x49,0x8b,0x45,0x18,0x49,0x39,0x45,0x20,0x0f,
    0x84,0x1b,0x07,0x00,0x00,0x48,0x8b,0x85,0x38,0xfc,0xff,0xff,0x48,0x8d,0xb5,0x54,
    0xfc,0xff,0xff,0x48,0x89,0xb5,0x08,0xfc,0xff,0xff,0x48,0x8d,0x78,0x70,0xe8,0x4d,
    0xbd,0x00,0x00,0x49,0x89,0xc4,0x48,0x85,0xc0,0x0f,0x84,0x80,0x1e,0x00,0x00,0x44,
    0x8b,0x8d,0x54,0xfc,0xff,0xff,0x8b,0x13,0x49,0x8d,0x4d,0x18,0x4c,0x89,0xfe,0x4c,
    0x8b,0x85,0x10,0xfc,0xff,0xff,0x48,0x8b,0xbd,0x18,0xfc,0xff,0xff,0xe8,0x9e,0xd9,
    0xff,0xff,0x49,0x8b,0x46,0x08,0x83,0x38,0xff,0x0f,0x84,0xf9,0x06,0x00,0x00,0x41,
    0x83,0x7e,0x50,0xff,0x0f,0x84,0x7e,0x07,0x00,0x00,0x49,0x8d,0x44,0x24,0x10,0x41,
    0x80,0x7d,0x14,0x00,0x48,0x89,0x85,0xd0,0xfb,0xff,0xff,0x0f,0x84,0x4f,0x02,0x00,
    0x00,0x48,0x8d,0x3d,0x10,0x68,0xb9,0x02,0x48,0x8d,0xb5,0x70,0xfc,0xff,0xff,0x48,
    0x89,0xbd,0x70,0xfc,0xff,0xff,0x48,0x8b,0xbd,0x40,0xfc,0xff,0xff,0xe8,0xfe,0x96,
    0xb7,0xfd,0x48,0x63,0xd8,0x49,0x8d,0x74,0x24,0x10,0x4c,0x89,0xff,0x89,0xda,0xe8,
    0xcc,0xa1,0xb7,0xfd,0x49,0x8b,0x97,0x80,0x00,0x00,0x00,0x48,0x8b,0x0c,0xda,0x3d,
    0xff,0xff,0xff,0x3f,0x0f,0x8e,0xc6,0x06,0x00,0x00,0x2d,0x00,0x00,0x00,0x40,0x89,
    0xc2,0x83,0xe0,0x1f,0xc1,0xfa,0x05,0x48,0x8d,0x04,0x40,0x48,0x63,0xd2,0x48,0xc1,
    0xe0,0x04,0x48,0xc1,0xe2,0x04,0x48,0x03,0x91,0xd0,0x00,0x00,0x00,0x48,0x03,0x02,
    0x49,0x63,0x5c,0x24,0x14,0x48,0x8b,0xbd,0x40,0xfc,0xff,0xff,0x48,0x8d,0xb5,0x78,
    0xfc,0xff,0xff,0x48,0x69,0xdb,0xb8,0x00,0x00,0x00,0x48,0x03,0x18,0x48,0x8d,0x05,
    0x74,0x67,0xb9,0x02,0x48,0x89,0x9d,0x48,0xfc,0xff,0xff,0x48,0x89,0x85,0x78,0xfc,
    0xff,0xff,0xe8,0x79,0x96,0xb7,0xfd,0x48,0x8b,0xb5,0x48,0xfc,0xff,0xff,0x89,0xc2,
    0x4c,0x89,0xff,0x89,0xc3,0xe8,0x46,0xa1,0xb7,0xfd,0x49,0x8b,0x8f,0x80,0x00,0x00,
    0x00,0x48,0x63,0xd3,0x48,0x8b,0x0c,0xd1,0x3d,0xff,0xff,0xff,0x3f,0x0f,0x8e,0xbd,
    0x06,0x00,0x00,0x2d,0x00,0x00,0x00,0x40,0x89,0xc2,0x83,0xe0,0x1f,0xc1,0xfa,0x05,
    0x48,0x63,0xd2,0x48,0xc1,0xe2,0x04,0x48,0x03,0x91,0xd0,0x00,0x00,0x00,0x48,0x8d,
    0x0c,0x40,0x48,0x8b,0x02,0x48,0x8d,0x14,0xc8,0x48,0x8b,0x42,0x08,0x48,0x2b,0x02,
    0x48,0xc1,0xf8,0x02,0x85,0xc0,0x0f,0x85,0x44,0x01,0x00,0x00,0x48,0x8b,0x85,0x38,
    0xfc,0xff,0xff,0x48,0x8b,0xb5,0x08,0xfc,0xff,0xff,0x48,0x8d,0xb8,0xc0,0x01,0x00,
    0x00,0xe8,0xca,0xc0,0x00,0x00,0x48,0x85,0xc0,0x0f,0x84,0x10,0x2b,0x00,0x00,0x48,
    0x8d,0x48,0x1c,0x4c,0x8d,0x40,0x10,0xba,0x01,0x00,0x00,0x00,0x4c,0x89,0xff,0x4c,
    0x8b,0x8d,0xf8,0xfb,0xff,0xff,0x48,0x8b,0xb5,0xa0,0xfb,0xff,0xff,0x48,0xc7,0x85,
    0x50,0xfe,0xff,0xff,0x00,0x00,0x00,0x00,0xc7,0x85,0x58,0xfe,0xff,0xff,0x00,0x00,
    0x00,0x00,0xc7,0x85,0x5c,0xfe,0xff,0xff,0x00,0x00,0x00,0x00,0x48,0xc7,0x85,0x60,
    0xfe,0xff,0xff,0xff,0xff,0xff,0xff,0xc6,0x85,0x68,0xfe,0xff,0xff,0x00,0xe8,0x3d,
    0xa7,0x01,0x00,0x84,0xc0,0x0f,0x84,0xdd,0x05,0x00,0x00,0x48,0x8d,0x9d,0xd0,0xfc,
    0xff,0xff,0x49,0x8d,0x56,0x50,0x45,0x31,0xc0,0x31,0xc9,0x4c,0x89,0xfe,0x48,0x89,
    0xdf,0xe8,0x1a,0x29,0x70,0xfe,0x48,0x8b,0x85,0xd0,0xfc,0xff,0xff,0x48,0x39,0x85,
    0xd8,0xfc,0xff,0xff,0x0f,0x84,0x4c,0x25,0x00,0x00,0x48,0x8b,0xb5,0x60,0xfe,0xff,
    0xff,0xf3,0x0f,0x10,0x85,0x5c,0xfe,0xff,0xff,0x4c,0x89,0xff,0x48,0x8b,0x95,0x00,
    0xfc,0xff,0xff,0x48,0x89,0xb5,0x98,0xfc,0xff,0xff,0xf3,0x0f,0x11,0x85,0xa0,0xfc,
    0xff,0xff,0xe8,0x39,0x3d,0x8a,0xfe,0x0f,0xb6,0x85,0x68,0xfe,0xff,0xff,0x0f,0x28,
    0xc8,0x49,0x89,0xd9,0x4c,0x89,0xfa,0x48,0x83,0xec,0x08,0x8b,0x8d,0x54,0xfc,0xff,
    0xff,0x4c,0x8b,0x85,0x98,0xfc,0xff,0xff,0x66,0x0f,0xef,0xd2,0x48,0x8b,0xb5,0xc8,
    0xfb,0xff,0xff,0x48,0x8b,0xbd,0xa8,0xfb,0xff,0xff,0x6a,0x00,0x50,0x41,0x8b,0x06,
    0x6a,0x04,0xf3,0x0f,0x10,0x85,0xa0,0xfc,0xff,0xff,0x50,0x6a,0x00,0xe8,0x6e,0x75,
    0x8a,0xfe,0x48,0x8b,0xbd,0xd0,0xfc,0xff,0xff,0x48,0x83,0xc4,0x30,0x48,0x85,0xff,
    0x0f,0x85,0x6d,0x02,0x00,0x00,0xe9,0x6d,0x02,0x00,0x00,0x0f,0x1f,0x44,0x00,0x00,
    0x41,0x8b,0x54,0x24,0x14,0x49,0x8d,0x74,0x24,0x10,0x4c,0x89,0xff,0xe8,0x3e,0x01,
    0x70,0xfe,0x48,0x89,0xc1,0x48,0x89,0x85,0x90,0xfc,0xff,0xff,0x48,0xc1,0xe9,0x20,
    0x85,0xc9,0x79,0x0a,0xc7,0x85,0x94,0xfc,0xff,0xff,0x00,0x00,0x00,0x00,0x48,0x8b,
    0xbd,0x40,0xfc,0xff,0xff,0x48,0x8d,0x05,0x6c,0x7e,0xb9,0x02,0x48,0x8d,0xb5,0x80,
    0xfc,0xff,0xff,0x48,0xc7,0x85,0xb0,0xfc,0xff,0xff,0x00,0x00,0x00,0x00,0x48,0xc7,
    0x85,0xb8,0xfc,0xff,0xff,0x00,0x00,0x00,0x00,0x48,0xc7,0x85,0xc0,0xfc,0xff,0xff,
    0x00,0x00,0x00,0x00,0x48,0x89,0x85,0x80,0xfc,0xff,0xff,0xe8,0x60,0x94,0xb7,0xfd,
    0x48,0x63,0xd8,0x48,0x8d,0x85,0x90,0xfc,0xff,0xff,0x4c,0x89,0xff,0x89,0xda,0x48,
    0x89,0xc6,0x48,0x89,0x85,0xc0,0xfb,0xff,0xff,0xe8,0x22,0x9f,0xb7,0xfd,0x49,0x8b,
    0x97,0x80,0x00,0x00,0x00,0x48,0x8b,0x0c,0xda,0x3d,0xff,0xff,0xff,0x3f,0x0f,0x8e,
    0x04,0x04,0x00,0x00,0x2d,0x00,0x00,0x00,0x40,0x89,0xc2,0x83,0xe0,0x1f,0xc1,0xfa,
    0x05,0x48,0x63,0xd2,0x48,0xc1,0xe2,0x04,0x48,0x03,0x91,0xd0,0x00,0x00,0x00,0x48,
    0x8d,0x0c,0xc0,0x48,0x8b,0x02,0x48,0x8d,0x04,0xc8,0x48,0x8b,0x50,0x28,0x48,0x8b,
    0x40,0x30,0x48,0x8d,0xb5,0xb0,0xfc,0xff,0xff,0x48,0x89,0xb5,0x48,0xfc,0xff,0xff,
    0x48,0x89,0x85,0x30,0xfc,0xff,0xff,0x48,0x89,0xd3,0x48,0x39,0xc2,0x74,0x2e,0x90,
    0x48,0x8b,0x95,0x28,0xfc,0xff,0xff,0x48,0x89,0xde,0x48,0x8b,0xbd,0x48,0xfc,0xff,
    0xff,0xc7,0x85,0xb0,0xfe,0xff,0xff,0x00,0x00,0x00,0x3f,0xe8,0x20,0x1a,0x6f,0xfe,
    0x48,0x83,0xc3,0x08,0x48,0x39,0x9d,0x30,0xfc,0xff,0xff,0x75,0xd3,0x48,0x8b,0x8d,
    0xc0,0xfb,0xff,0xff,0x48,0x8b,0x95,0xe8,0xfb,0xff,0xff,0x4c,0x89,0xfe,0x48,0x8b,
    0xbd,0x28,0xfc,0xff,0xff,0xe8,0xb6,0x71,0x09,0x00,0x48,0x8b,0x85,0xb8,0xfe,0xff,
    0xff,0x48,0x8b,0x9d,0xb0,0xfe,0xff,0xff,0x48,0x89,0x85,0x30,0xfc,0xff,0xff,0x48,
    0x39,0xc3,0x74,0x4f,0x48,0x8d,0x85,0xb0,0xfc,0xff,0xff,0x48,0x89,0x85,0x48,0xfc,
    0xff,0xff,0x66,0x0f,0x1f,0x44,0x00,0x00,0x48,0x8b,0x95,0xf8,0xfb,0xff,0xff,0x48,
    0x89,0xde,0x48,0x8b,0xbd,0x48,0xfc,0xff,0xff,0xc7,0x85,0x50,0xfe,0xff,0xff,0x00,
    0x00,0x00,0x3f,0xe8,0xa8,0x19,0x6f,0xfe,0x48,0x83,0xc3,0x08,0x48,0x39,0x9d,0x30,
    0xfc,0xff,0xff,0x75,0xd3,0x48,0x8b,0x85,0xb0,0xfe,0xff,0xff,0x48,0x89,0x85,0x30,
    0xfc,0xff,0xff,0x48,0x8b,0x85,0x30,0xfc,0xff,0xff,0x48,0x85,0xc0,0x74,0x08,0x48,
    0x89,0xc7,0xe8,0x39,0x05,0x87,0xfd,0x48,0x8b,0x85,0xb0,0xfc,0xff,0xff,0x48,0x39,
    0x85,0xb8,0xfc,0xff,0xff,0x0f,0x84,0xe8,0x1a,0x00,0x00,0x48,0x8b,0x85,0x38,0xfc,
    0xff,0xff,0x48,0x8b,0xb5,0x08,0xfc,0xff,0xff,0x48,0x8d,0xb8,0x50,0x01,0x00,0x00,
    0xe8,0x5b,0xbe,0x00,0x00,0x48,0x89,0xc3,0x49,0x8b,0x44,0x24,0x20,0x48,0x83,0xf8,
    0x01,0x0f,0x8e,0x69,0x03,0x00,0x00,0x48,0x8d,0x53,0x10,0x48,0x85,0xdb,0x4c,0x8b,
    0x8d,0x08,0xfc,0xff,0xff,0x4c,0x8b,0x85,0xb0,0xfb,0xff,0xff,0x48,0x0f,0x45,0xda,
    0x48,0x83,0xec,0x08,0x4c,0x89,0xfe,0x48,0x8b,0x8d,0xb8,0xfb,0xff,0xff,0x48,0x8b,
    0x95,0xe8,0xfb,0xff,0xff,0x48,0x8b,0xbd,0xc8,0xfb,0xff,0xff,0x53,0xff,0xb5,0x00,
    0xfc,0xff,0xff,0x50,0x41,0x8b,0x44,0x24,0x18,0x50,0x41,0x8b,0x44,0x24,0x14,0x50,
    0x48,0x8d,0x85,0xb0,0xfc,0xff,0xff,0xff,0xb5,0xd0,0xfb,0xff,0xff,0x50,0xe8,0x9d,
    0x8f,0x8a,0xfe,0x48,0x8b,0xbd,0xb0,0xfc,0xff,0xff,0x48,0x83,0xc4,0x40,0x48,0x85,
    0xff,0x74,0x05,0xe8,0x88,0x04,0x87,0xfd,0x49,0x8b,0x46,0x08,0x83,0x38,0xff,0x0f,
    0x84,0xbb,0x01,0x00,0x00,0x41,0x83,0x7e,0x50,0xff,0x0f,0x84,0xb0,0x01,0x00,0x00,
    0x48,0x8b,0x85,0xf0,0xfb,0xff,0xff,0x4c,0x89,0xff,0x8b,0x30,0xe8,0x9f,0xfe,0x89,
    0xfe,0x84,0xc0,0x0f,0x84,0x79,0x1b,0x00,0x00,0x4d,0x8b,0x6d,0x00,0x4d,0x85,0xed,
    0x0f,0x85,0xf5,0xf9,0xff,0xff,0x48,0x8b,0x85,0x90,0xfb,0xff,0xff,0x48,0x8b,0x58,
    0x48,0x48,0x8d,0x05,0xd0,0x62,0xb9,0x02,0x48,0x89,0x85,0x20,0xfc,0xff,0xff,0x48,
    0x8d,0x85,0x88,0xfc,0xff,0xff,0x48,0x89,0x85,0x30,0xfc,0xff,0xff,0x48,0x8d,0x85,
    0x58,0xfc,0xff,0xff,0x48,0x89,0x85,0x48,0xfc,0xff,0xff,0x48,0x85,0xdb,0x0f,0x85,
    0xab,0x00,0x00,0x00,0xe9,0xa7,0x02,0x00,0x00,0x0f,0x1f,0x80,0x00,0x00,0x00,0x00,
    0x48,0x8b,0x85,0x38,0xfc,0xff,0xff,0x48,0x8b,0xb5,0x48,0xfc,0xff,0xff,0x48,0x8d,
    0xb8,0xa8,0x00,0x00,0x00,0xe8,0x16,0xbe,0x00,0x00,0x49,0x89,0xc4,0x48,0x85,0xc0,
    0x0f,0x84,0xd6,0x1a,0x00,0x00,0x44,0x8b,0x8d,0x58,0xfc,0xff,0xff,0x41,0x8b,0x16,
    0x48,0x8d,0x4b,0x18,0x4c,0x89,0xfe,0x4c,0x8b,0x85,0x10,0xfc,0xff,0xff,0x48,0x8b,
    0xbd,0x18,0xfc,0xff,0xff,0xe8,0xe6,0xd3,0xff,0xff,0x45,0x8b,0x4c,0x24,0x14,0x45,
    0x8b,0x44,0x24,0x10,0x49,0x8d,0x4c,0x24,0x0c,0x49,0x83,0xc4,0x18,0xff,0xb5,0x00,
    0xfc,0xff,0xff,0x48,0x8b,0x95,0x48,0xfc,0xff,0xff,0x4c,0x89,0xff,0x48,0x8b,0xb5,
    0xd8,0xfb,0xff,0xff,0x41,0x54,0xe8,0x05,0xab,0x8a,0xfe,0x41,0x8b,0x75,0x00,0x41,
    0x5c,0x4c,0x89,0xff,0x41,0x5e,0xe8,0xb5,0xfd,0x89,0xfe,0x84,0xc0,0x0f,0x84,0x4a,
    0x1a,0x00,0x00,0x48,0x8b,0x1b,0x48,0x85,0xdb,0x0f,0x84,0x01,0x02,0x00,0x00,0x48,
    0x8b,0x85,0x20,0xfc,0xff,0xff,0x48,0x8b,0xb5,0x30,0xfc,0xff,0xff,0x4c,0x8d,0x6b,
    0x08,0x48,0x8b,0xbd,0x40,0xfc,0xff,0xff,0x48,0x89,0x85,0x88,0xfc,0xff,0xff,0xe8,
    0x1c,0x91,0xb7,0xfd,0x89,0xc2,0x4c,0x89,0xee,0x4c,0x89,0xff,0xe8,0xef,0x9b,0xb7,
    0xfd,0x8b,0x43,0x08,0x4c,0x8d,0x73,0x10,0x89,0x85,0x58,0xfc,0xff,0xff,0x48,0x8b,
    0x43,0x18,0x48,0x39,0x43,0x20,0x0f,0x85,0x14,0xff,0xff,0xff,0x83,0x7b,0x10,0xff,
    0x0f,0x85,0x0a,0xff,0xff,0xff,0x80,0x7b,0x14,0x00,0x0f,0x85,0x00,0xff,0xff,0xff,
    0x48,0x8d,0x0d,0x49,0x41,0xff,0x01,0xba,0x82,0x03,0x00,0x00,0x48,0x8d,0x35,0x95,
    0x84,0x05,0x01,0x48,0x8d,0x3d,0x5e,0x87,0x05,0x01,0xe8,0x71,0xfe,0x15,0x00,0x90,
    0x48,0x98,0x48,0x89,0xc2,0x48,0xc1,0xe2,0x04,0x48,0x01,0xd0,0x48,0x8b,0x91,0xb8,
    0x00,0x00,0x00,0x4c,0x8d,0x34,0xc2,0xe9,0xed,0xf8,0xff,0xff,0x0f,0x1f,0x40,0x00,
    0x48,0x8d,0x0d,0x49,0x45,0xff,0x01,0xba,0x00,0x05,0x00,0x00,0x48,0x8d,0x35,0x55,
    0x84,0x05,0x01,0x48,0x8d,0x3d,0xb3,0x9a,0x0d,0x01,0xe8,0x31,0xfe,0x15,0x00,0x90,
    0x41,0x83,0x7d,0x10,0xff,0x0f,0x84,0x85,0x00,0x00,0x00,0x41,0x83,0x7e,0x50,0xff,
    0x0f,0x84,0x12,0x01,0x00,0x00,0x48,0x8d,0x0d,0xf3,0x42,0xff,0x01,0xba,0x35,0x03,
    0x00,0x00,0x48,0x8d,0x35,0x1f,0x84,0x05,0x01,0x48,0x8d,0x3d,0x70,0x85,0x05,0x01,
    0xe8,0xfb,0xfd,0x15,0x00,0x0f,0x1f,0x00,0x48,0x8b,0xb5,0xf0,0xfb,0xff,0xff,0xba,
    0x01,0x00,0x00,0x00,0x4c,0x89,0xff,0xe8,0x04,0x90,0x3e,0x00,0xe9,0xf8,0xfd,0xff,
    0xff,0x0f,0x1f,0x80,0x00,0x00,0x00,0x00,0x48,0x98,0x48,0x8d,0x14,0xc0,0x48,0x8b,
    0x81,0xb8,0x00,0x00,0x00,0x48,0x8d,0x04,0xd0,0xe9,0x0c,0xfc,0xff,0xff,0x66,0x90,
    0x48,0x98,0x48,0x8d,0x04,0x40,0x48,0xc1,0xe0,0x04,0x48,0x03,0x81,0xb8,0x00,0x00,
    0x00,0xe9,0x4a,0xf9,0xff,0xff,0x66,0x2e,0x0f,0x1f,0x84,0x00,0x00,0x00,0x00,0x00,
    0x41,0x80,0x7d,0x14,0x00,0x0f,0x85,0x4a,0xf8,0xff,0xff,0x41,0x80,0x7d,0x15,0x00,
    0x0f,0x85,0x3f,0xf8,0xff,0xff,0x48,0x8d,0x0d,0x63,0x42,0xff,0x01,0xba,0x36,0x03,
    0x00,0x00,0x48,0x8d,0x35,0x8f,0x83,0x05,0x01,0x48,0x8d,0x3d,0x48,0x85,0x05,0x01,
    0xe8,0x6b,0xfd,0x15,0x00,0x0f,0x1f,0x00,0x48,0x8b,0x8d,0x00,0xfc,0xff,0xff,0x48,
    0x8b,0x95,0x08,0xfc,0xff,0xff,0x4c,0x89,0xfe,0x48,0x8b,0xbd,0xa8,0xfb,0xff,0xff,
    0xe8,0x6b,0x40,0x8a,0xfe,0xe9,0x2e,0xfd,0xff,0xff,0x66,0x0f,0x1f,0x44,0x00,0x00,
    0x48,0x98,0x48,0x8d,0x14,0x40,0x48,0x8b,0x81,0xb8,0x00,0x00,0x00,0x48,0x8d,0x14,
    0xd0,0xe9,0x53,0xf9,0xff,0xff,0x66,0x2e,0x0f,0x1f,0x84,0x00,0x00,0x00,0x00,0x00,
    0x48,0x8b,0xbd,0xa8,0xfb,0xff,0xff,0xe8,0x84,0x13,0xda,0xfd,0xe9,0x86,0xfc,0xff,
    0xff,0x0f,0x1f,0x80,0x00,0x00,0x00,0x00,0x49,0x8b,0x46,0x08,0x83,0x38,0xff,0x0f,
    0x85,0xb0,0xf7,0xff,0xff,0xe9,0xdc,0xfe,0xff,0xff,0x66,0x0f,0x1f,0x44,0x00,0x00,
    0x48,0x8b,0x85,0x90,0xfb,0xff,0xff,0x4c,0x8b,0xa0,0x80,0x00,0x00,0x00,0x4d,0x85,
    0xe4,0x0f,0x84,0x4e,0x06,0x00,0x00,0x48,0x8d,0x45,0xa0,0x48,0x89,0x85,0xf0,0xfb,
    0xff,0xff,0x48,0x83,0xc0,0x0c,0x48,0x89,0x85,0xe8,0xfb,0xff,0xff,0x49,0x8d,0x44,
    0x24,0x08,0x4c,0x89,0xff,0x48,0x89,0xc6,0x48,0x89,0x85,0x30,0xfc,0xff,0xff,0xe8,
    0x2c,0x08,0x8b,0xfe,0x49,0x89,0xc5,0x41,0x8b,0x44,0x24,0x08,0x49,0x8d,0x5c,0x24,
    0x10,0x89,0x85,0x5c,0xfc,0xff,0xff,0x49,0x8b,0x44,0x24,0x18,0x49,0x39,0x44,0x24,
    0x20,0x0f,0x84,0x19,0x0a,0x00,0x00,0x48,0x8b,0x85,0x38,0xfc,0xff,0xff,0x48,0x8d,
    0xb5,0x5c,0xfc,0xff,0xff,0x48,0x89,0xb5,0x48,0xfc,0xff,0xff,0x48,0x8d,0xb8,0xe0,
    0x00,0x00,0x00,0xe8,0x68,0xb5,0x00,0x00,0x49,0x89,0xc6,0x48,0x85,0xc0,0x0f,0x84,
    0x6b,0x1f,0x00,0x00,0x48,0x8b,0xbd,0x28,0xfc,0xff,0xff,0x48,0x8d,0x70,0x10,0xe8,
    0xcc,0x05,0xd1,0xfd,0x48,0x8b,0x85,0xd0,0xfe,0xff,0xff,0x48,0x8b,0x95,0xb8,0xfe,
    0xff,0xff,0x48,0xbe,0xab,0xaa,0xaa,0xaa,0xaa,0xaa,0xaa,0xaa,0x48,0x2b,0x85,0xc8,
    0xfe,0xff,0xff,0x48,0x2b,0x95,0xb0,0xfe,0xff,0xff,0x48,0xc1,0xf8,0x02,0x48,0xc1,
    0xfa,0x02,0x48,0x01,0xc2,0x48,0x8b,0x85,0x00,0xff,0xff,0xff,0x48,0x2b,0x85,0xf8,
    0xfe,0xff,0xff,0x48,0xc1,0xf8,0x02,0x48,0x01,0xd0,0x48,0x0f,0xaf,0xc6,0x48,0x85,
    0xc0,0x75,0x0d,0x83,0xbd,0xe0,0xfe,0xff,0xff,0xff,0x0f,0x84,0xa5,0x22,0x00,0x00,
    0x44,0x8b,0x8d,0x5c,0xfc,0xff,0xff,0x8b,0x13,0x4c,0x89,0xfe,0x49,0x8d,0x4c,0x24,
    0x18,0x4c,0x8b,0x85,0x10,0xfc,0xff,0xff,0x48,0x8b,0xbd,0x18,0xfc,0xff,0xff,0xe8,
    0x6c,0xd0,0xff,0xff,0x49,0x8b,0x45,0x08,0x83,0x38,0xff,0x0f,0x84,0xde,0x09,0x00,
    0x00,0x41,0x83,0x7d,0x50,0xff,0x0f,0x84,0x8a,0x09,0x00,0x00,0x41,0x80,0x7c,0x24,
    0x14,0x00,0x0f,0x85,0xb8,0x08,0x00,0x00,0x41,0x80,0x7c,0x24,0x15,0x00,0x0f,0x84,
    0x72,0x09,0x00,0x00,0x48,0x8d,0x05,0xcd,0x76,0xb9,0x02,0x48,0x8b,0x95,0xf8,0xfb,
    0xff,0xff,0x4c,0x89,0xff,0x48,0x89,0x85,0x50,0xfe,0xff,0xff,0x49,0x8d,0x45,0x50,
    0x48,0x89,0xc6,0x48,0x89,0x85,0xe0,0xfb,0xff,0xff,0xe8,0x41,0x38,0x3e,0x00,0x88,
    0x85,0xd0,0xfb,0xff,0xff,0x84,0xc0,0x0f,0x84,0x56,0x22,0x00,0x00,0x48,0x8b,0x95,
    0x10,0xff,0xff,0xff,0x48,0x8b,0x85,0x18,0xff,0xff,0xff,0x48,0x8b,0xb5,0xb0,0xfe,
    0xff,0xff,0x48,0x39,0xb5,0xb8,0xfe,0xff,0xff,0x0f,0x84,0xff,0x0a,0x00,0x00,0x48,
    0x39,0xd0,0x0f,0x84,0x4a,0x22,0x00,0x00,0x4c,0x89,0xad,0x20,0xfc,0xff,0xff,0x48,
    0x89,0xc3,0x4c,0x8b,0xad,0x98,0xfb,0xff,0xff,0x4c,0x89,0xa5,0x08,0xfc,0xff,0xff,
    0x49,0x89,0xd4,0xeb,0x10,0x0f,0x1f,0x00,0x49,0x83,0xc4,0x0c,0x4c,0x39,0xe3,0x0f,
    0x84,0xa6,0x09,0x00,0x00,0x4c,0x89,0xe6,0x4c,0x89,0xef,0xe8,0x00,0x20,0x6e,0xfe,
    0x48,0x85,0xc0,0x74,0xe3,0x48,0x8d,0x9d,0xf0,0xfc,0xff,0xff,0x45,0x31,0xc0,0x31,
    0xc9,0x4c,0x89,0xfe,0x48,0x8b,0x95,0xe0,0xfb,0xff,0xff,0x48,0x89,0xdf,0x4c,0x8b,
    0xad,0x20,0xfc,0xff,0xff,0x4c,0x8b,0xa5,0x08,0xfc,0xff,0xff,0xe8,0xbf,0x20,0x70,
    0xfe,0x48,0x8b,0x85,0x28,0xfc,0xff,0xff,0x48,0x89,0xde,0x48,0x8d,0x78,0x60,0xe8,
    0x3c,0xaa,0xff,0xff,0x48,0x8b,0xbd,0xf0,0xfc,0xff,0xff,0x48,0x85,0xff,0x74,0x05,
    0xe8,0x1b,0xff,0x86,0xfd,0x48,0x8b,0x85,0x10,0xff,0xff,0xff,0x48,0x39,0x85,0x18,
    0xff,0xff,0xff,0x0f,0x84,0x32,0x1c,0x00,0x00,0x48,0x8b,0x95,0x28,0xff,0xff,0xff,
    0x48,0x8b,0x85,0x30,0xff,0xff,0xff,0x48,0x8b,0xb5,0xc8,0xfe,0xff,0xff,0x48,0x39,
    0xb5,0xd0,0xfe,0xff,0xff,0x0f,0x84,0x25,0x0a,0x00,0x00,0x48,0x39,0xc2,0x0f,0x84,
    0x40,0x21,0x00,0x00,0x4c,0x89,0xad,0x20,0xfc,0xff,0xff,0x48,0x89,0xc3,0x4c,0x8b,
    0xad,0x98,0xfb,0xff,0xff,0x4c,0x89,0xa5,0x08,0xfc,0xff,0xff,0x49,0x89,0xd4,0xeb,
    0x14,0x0f,0x1f,0x80,0x00,0x00,0x00,0x00,0x49,0x83,0xc4,0x0c,0x4c,0x39,0xe3,0x0f,
    0x84,0xc3,0x08,0x00,0x00,0x4c,0x89,0xe6,0x4c,0x89,0xef,0xe8,0x30,0x1f,0x6e,0xfe,
    0x48,0x85,0xc0,0x74,0xe3,0x48,0x8d,0x9d,0x10,0xfd,0xff,0xff,0x45,0x31,0xc0,0xb9,
    0x02,0x00,0x00,0x00,0x4c,0x89,0xfe,0x48,0x8b,0x95,0xe0,0xfb,0xff,0xff,0x48,0x89,
    0xdf,0x4c,0x8b,0xad,0x20,0xfc,0xff,0xff,0x4c,0x8b,0xa5,0x08,0xfc,0xff,0xff,0xe8,
    0xec,0x1f,0x70,0xfe,0x48,0x8b,0x85,0x28,0xfc,0xff,0xff,0x48,0x89,0xde,0x48,0x8d,
    0x78,0x78,0xe8,0x69,0xa9,0xff,0xff,0x48,0x8b,0xbd,0x10,0xfd,0xff,0xff,0x48,0x85,
    0xff,0x74,0x05,0xe8,0x48,0xfe,0x86,0xfd,0x48,0x8b,0x85,0x28,0xff,0xff,0xff,0x48,
    0x39,0x85,0x30,0xff,0xff,0xff,0x0f,0x84,0x49,0x0b,0x00,0x00,0x48,0x8b,0x85,0xf8,
    0xfe,0xff,0xff,0x48,0x39,0x85,0x00,0xff,0xff,0xff,0x0f,0x84,0xf4,0x07,0x00,0x00,
    0x48,0x8b,0x85,0x38,0xfc,0xff,0xff,0x48,0x8b,0xb5,0x48,0xfc,0xff,0xff,0x48,0x8d,
    0xb8,0xc0,0x01,0x00,0x00,0xe8,0xb6,0xb6,0x00,0x00,0x48,0x89,0x85,0xb0,0xfb,0xff,
    0xff,0x48,0x85,0xc0,0x0f,0x84,0xb7,0x20,0x00,0x00,0x48,0x8b,0x85,0xb8,0xfe,0xff,
    0xff,0x48,0x8b,0x9d,0x28,0xfc,0xff,0xff,0x48,0x8b,0xbd,0x98,0xfb,0xff,0xff,0x48,
    0x89,0x85,0xe0,0xfb,0xff,0xff,0x48,0x8b,0x85,0xb0,0xfe,0xff,0xff,0x48,0x89,0xde,
    0x48,0x89,0x85,0xd8,0xfb,0xff,0xff,0x48,0x8b,0x85,0x00,0xff,0xff,0xff,0x48,0x89,
    0x85,0xc0,0xfb,0xff,0xff,0x48,0x8b,0x85,0xf8,0xfe,0xff,0xff,0x48,0x89,0x85,0xb8,
    0xfb,0xff,0xff,0x48,0x8b,0x85,0xd0,0xfe,0xff,0xff,0x48,0x89,0x85,0x20,0xfc,0xff,
    0xff,0x48,0x8b,0x85,0xc8,0xfe,0xff,0xff,0x48,0x89,0x85,0x08,0xfc,0xff,0xff,0xe8,
    0xbc,0xc9,0xff,0xff,0x48,0x8b,0xbd,0x98,0xfb,0xff,0xff,0x48,0x8d,0x73,0x48,0xe8,
    0xac,0xc9,0xff,0xff,0x48,0x8b,0xbd,0x98,0xfb,0xff,0xff,0x48,0x8d,0x73,0x18,0x31,
    0xdb,0xe8,0x9a,0xc9,0xff,0xff,0x48,0x8b,0x95,0xb8,0xfe,0xff,0xff,0x48,0x8b,0x85,
    0xb0,0xfe,0xff,0xff,0x48,0x8b,0xb5,0x00,0xff,0xff,0xff,0x48,0x8b,0x8d,0xf8,0xfe,
    0xff,0xff,0x48,0x39,0xc2,0x0f,0x95,0xc3,0x48,0x89,0xdf,0x48,0x83,0xcf,0x04,0x48,
    0x39,0xce,0x48,0x0f,0x45,0xdf,0x48,0x8b,0xbd,0xc8,0xfe,0xff,0xff,0x48,0x39,0xbd,
    0xd0,0xfe,0xff,0xff,0x74,0x04,0x48,0x83,0xcb,0x02,0x48,0x39,0xc2,0x75,0x14,0x48,
    0x8b,0xbd,0xd8,0xfb,0xff,0xff,0x48,0x39,0xbd,0xe0,0xfb,0xff,0xff,0x0f,0x85,0x4b,
    0x07,0x00,0x00,0x48,0x39,0xce,0x75,0x14,0x48,0x8b,0xb5,0xb8,0xfb,0xff,0xff,0x48,
    0x39,0xb5,0xc0,0xfb,0xff,0xff,0x0f,0x85,0x32,0x07,0x00,0x00,0x48,0x8b,0xb5,0x08,
    0xfc,0xff,0xff,0x48,0x39,0xb5,0x20,0xfc,0xff,0xff,0x74,0x14,0x48,0x8b,0x85,0xc8,
    0xfe,0xff,0xff,0x48,0x39,0x85,0xd0,0xfe,0xff,0xff,0x0f,0x84,0x25,0x09,0x00,0x00,
    0x83,0xbd,0xe0,0xfe,0xff,0xff,0xff,0x0f,0x84,0x19,0x06,0x00,0x00,0x48,0x83,0xcb,
    0x04,0x48,0x8b,0x85,0x38,0xfc,0xff,0xff,0x48,0x8b,0xb5,0x48,0xfc,0xff,0xff,0x48,
    0x8d,0xb8,0x50,0x01,0x00,0x00,0xe8,0xf5,0xb5,0x00,0x00,0x48,0x8b,0xb5,0x48,0xfc,
    0xff,0xff,0x48,0x89,0x85,0x20,0xfc,0xff,0xff,0x48,0x8b,0x85,0x38,0xfc,0xff,0xff,
    0x48,0x8d,0xb8,0x88,0x01,0x00,0x00,0xe8,0x54,0xb7,0x00,0x00,0x4c,0x8b,0x9d,0x20,
    0xfc,0xff,0xff,0x4d,0x85,0xdb,0x0f,0x84,0x1b,0x08,0x00,0x00,0x49,0x8b,0x56,0x18,
    0x49,0x2b,0x56,0x10,0x48,0x83,0xfa,0x0c,0x74,0x12,0x49,0x8b,0x56,0x60,0x49,0x2b,
    0x56,0x58,0x48,0x83,0xfa,0x0c,0x0f,0x85,0x9e,0x19,0x00,0x00,0x48,0x85,0xc0,0x74,
    0x12,0x49,0x8b,0x56,0x30,0x49,0x2b,0x56,0x28,0x48,0x83,0xfa,0x0c,0x0f,0x85,0x63,
    0x1e,0x00,0x00,0x4c,0x8b,0x85,0xb8,0xfe,0xff,0xff,0x48,0x8b,0x95,0xb0,0xfe,0xff,
    0xff,0x48,0x8b,0xbd,0x00,0xff,0xff,0xff,0x48,0x8b,0xb5,0xf8,0xfe,0xff,0xff,0x4d,
    0x89,0xc1,0x49,0x29,0xd1,0x48,0x89,0xf9,0x48,0x29,0xf1,0x4d,0x89,0xca,0x49,0xc1,
    0xfa,0x02,0x48,0xc1,0xf9,0x02,0x4c,0x01,0xd1,0x49,0xba,0xab,0xaa,0xaa,0xaa,0xaa,
    0xaa,0xaa,0xaa,0x49,0x0f,0xaf,0xca,0x48,0x83,0xf9,0x01,0x0f,0x84,0xce,0x07,0x00,
    0x00,0x4c,0x8b,0x8d,0xc8,0xfe,0xff,0xff,0x48,0x8b,0x8d,0xd0,0xfe,0xff,0xff,0x4c,
    0x29,0xc9,0x48,0x83,0xf9,0x0c,0x0f,0x85,0x42,0x07,0x00,0x00,0x48,0x85,0xc0,0x0f,
    0x84,0x39,0x07,0x00,0x00,0x48,0x8b,0x85,0x30,0xff,0xff,0xff,0x48,0x39,0x85,0x28,
    0xff,0xff,0xff,0x0f,0x84,0x37,0x1a,0x00,0x00,0x49,0x39,0xd0,0x0f,0x85,0x0f,0x1a,
    0x00,0x00,0x48,0x39,0xf7,0x0f,0x85,0xe7,0x19,0x00,0x00,0x4d,0x85,0xdb,0x0f,0x85,
    0xbf,0x19,0x00,0x00,0x41,0x8b,0x45,0x68,0x48,0x83,0xec,0x08,0x4d,0x8b,0x01,0x66,
    0x0f,0xef,0xd2,0xf3,0x41,0x0f,0x10,0x41,0x08,0x66,0x0f,0xef,0xc9,0x50,0x0f,0xb6,
    0x85,0xd0,0xfb,0xff,0xff,0x50,0x8b,0x85,0x40,0xff,0xff,0xff,0x53,0x50,0x48,0x8b,
    0x85,0x28,0xfc,0xff,0xff,0x6a,0x00,0x4c,0x8d,0x48,0x78,0x8b,0x8d,0x5c,0xfc,0xff,
    0xff,0x48,0x8b,0xb5,0xc8,0xfb,0xff,0xff,0x4c,0x89,0xfa,0x48,0x8b,0xbd,0xa8,0xfb,
    0xff,0xff,0xe8,0xa9,0x69,0x8a,0xfe,0x48,0x83,0xc4,0x30,0x48,0x8b,0xbd,0x28,0xfc,
    0xff,0xff,0xe8,0x69,0x57,0xc3,0xfd,0x49,0x8b,0x45,0x08,0x83,0x38,0xff,0x0f,0x84,
    0xbc,0x04,0x00,0x00,0x41,0x83,0x7d,0x50,0xff,0x0f,0x84,0xb1,0x04,0x00,0x00,0x48,
    0x8b,0x85,0x30,0xfc,0xff,0xff,0x4c,0x89,0xff,0x8b,0x30,0xe8,0x50,0xf5,0x89,0xfe,
    0x84,0xc0,0x0f,0x84,0xf5,0x17,0x00,0x00,0x4d,0x8b,0x24,0x24,0x4d,0x85,0xe4,0x0f,
    0x85,0xc8,0xf9,0xff,0xff,0x48,0x8b,0x85,0x90,0xfb,0xff,0xff,0x4c,0x8b,0xb0,0xb8,
    0x00,0x00,0x00,0x4d,0x85,0xf6,0x0f,0x84,0x6b,0x0d,0x00,0x00,0x49,0x8d,0x46,0x08,
    0x4c,0x89,0xff,0x48,0x89,0xc6,0x48,0x89,0x85,0xb0,0xfb,0xff,0xff,0xe8,0xde,0x01,
    0x8b,0xfe,0x41,0x8b,0x56,0x08,0x49,0x8b,0x76,0x18,0x48,0x89,0x85,0xe0,0xfb,0xff,
    0xff,0x49,0x8d,0x46,0x10,0x89,0x95,0x60,0xfc,0xff,0xff,0x49,0x39,0x76,0x20,0x0f,
    0x84,0xad,0x0e,0x00,0x00,0x41,0x80,0x7e,0x14,0x00,0x0f,0x85,0x85,0x18,0x00,0x00,
    0x44,0x8b,0x8d,0x60,0xfc,0xff,0xff,0x8b,0x10,0x49,0x8d,0x4e,0x18,0x4c,0x89,0xfe,
    0x4c,0x8b,0x85,0x10,0xfc,0xff,0xff,0x48,0x8b,0xbd,0x18,0xfc,0xff,0xff,0xe8,0xad,
    0xca,0xff,0xff,0x48,0x8b,0xb5,0xe0,0xfb,0xff,0xff,0x48,0x8b,0x46,0x08,0x83,0x38,
    0xff,0x0f,0x84,0xe4,0x0e,0x00,0x00,0x83,0x7e,0x50,0xff,0x0f,0x84,0xf3,0x0e,0x00,
    0x00,0x48,0x63,0x8d,0x60,0xfc,0xff,0xff,0x4c,0x8b,0xad,0x38,0xfc,0xff,0xff,0x31,
    0xd2,0x48,0x8d,0x9d,0x60,0xfc,0xff,0xff,0x48,0x89,0x9d,0xe8,0xfb,0xff,0xff,0x48,
    0x89,0xc8,0x49,0x8d,0xbd,0x18,0x01,0x00,0x00,0x49,0xf7,0xb5,0x20,0x01,0x00,0x00,
    0x48,0x89,0xd6,0x48,0x89,0xda,0xe8,0xf5,0xae,0x00,0x00,0x48,0x85,0xc0,0x0f,0x84,
    0x78,0x0e,0x00,0x00,0x48,0x8b,0x00,0x48,0x89,0x85,0xb8,0xfb,0xff,0xff,0x48,0x85,
    0xc0,0x0f,0x84,0x65,0x0e,0x00,0x00,0x49,0x8d,0xbd,0x50,0x01,0x00,0x00,0x48,0x89,
    0xde,0xe8,0x4a,0xb3,0x00,0x00,0x48,0x89,0x85,0xd0,0xfb,0xff,0xff,0x48,0x85,0xc0,
    0x0f,0x84,0x81,0x0f,0x00,0x00,0x48,0x83,0x85,0xd0,0xfb,0xff,0xff,0x10,0x45,0x31,
    0xe4,0x48,0x8b,0x85,0x38,0xfc,0xff,0xff,0x48,0x8b,0xb5,0xe8,0xfb,0xff,0xff,0x48,
    0x8d,0xb8,0xc0,0x01,0x00,0x00,0xe8,0x75,0xb2,0x00,0x00,0x48,0x89,0x85,0xd8,0xfb,
    0xff,0xff,0x48,0x85,0xc0,0x0f,0x84,0x83,0x16,0x00,0x00,0x48,0xc7,0x85,0x30,0xfd,
    0xff,0xff,0x00,0x00,0x00,0x00,0x48,0xc7,0x85,0x38,0xfd,0xff,0xff,0x00,0x00,0x00,
    0x00,0x48,0xc7,0x85,0x40,0xfd,0xff,0xff,0x00,0x00,0x00,0x00,0x48,0xc7,0x85,0xa4,
    0xfc,0xff,0xff,0x00,0x00,0x00,0x00,0xc7,0x85,0xac,0xfc,0xff,0xff,0x00,0x00,0x00,
    0x00,0x48,0xc7,0x85,0x50,0xfd,0xff,0xff,0x00,0x00,0x00,0x00,0x48,0xc7,0x85,0x58,
    0xfd,0xff,0xff,0x00,0x00,0x00,0x00,0x48,0xc7,0x85,0x60,0xfd,0xff,0xff,0x00,0x00,
    0x00,0x00,0x4d,0x85,0xe4,0x0f,0x84,0x0b,0x0e,0x00,0x00,0xf3,0x41,0x0f,0x10,0x74,
    0x24,0x20,0x66,0x0f,0xef,0xff,0x48,0xc7,0x85,0x90,0xfd,0xff,0xff,0x00,0x00,0x00,
    0x00,0x48,0xc7,0x85,0x98,0xfd,0xff,0xff,0x00,0x00,0x00,0x00,0x0f,0x2e,0xf7,0xf3,
    0x0f,0x11,0xb5,0xc0,0xfb,0xff,0xff,0x48,0xc7,0x85,0xa0,0xfd,0xff,0xff,0x00,0x00,
    0x00,0x00,0x7a,0x12,0x75,0x10,0xf3,0x0f,0x10,0x3d,0x42,0xfa,0x01,0x01,0xf3,0x0f,
    0x11,0xbd,0xc0,0xfb,0xff,0xff,0x48,0x8b,0xb5,0x28,0xfc,0xff,0xff,0x48,0x8b,0xbd,
    0x40,0xfc,0xff,0xff,0x48,0x8d,0x05,0xdd,0x6f,0xb9,0x02,0x48,0x89,0x85,0xb0,0xfe,
    0xff,0xff,0xe8,0xc9,0x86,0xb7,0xfd,0x89,0x85,0x68,0xfb,0xff,0xff,0x49,0x8b,0x54,
    0x24,0x08,0x48,0xb9,0xab,0xaa,0xaa,0xaa,0xaa,0xaa,0xaa,0xaa,0x49,0x8b,0x04,0x24,
    0x48,0x29,0xc2,0x48,0xc1,0xfa,0x02,0x48,0x0f,0xaf,0xd1,0x48,0xb9,0x24,0x49,0x92,
    0x24,0x49,0x92,0x24,0x09,0x48,0x89,0xd7,0x48,0x39,0xca,0x0f,0x87,0xc9,0x1a,0x00,
    0x00,0x48,0x8b,0x9d,0x90,0xfd,0xff,0xff,0x48,0x8b,0x8d,0xa0,0xfd,0xff,0xff,0x48,
    0xbe,0xb7,0x6d,0xdb,0xb6,0x6d,0xdb,0xb6,0x6d,0x48,0x29,0xd9,0x48,0xc1,0xf9,0x02,
    0x48,0x0f,0xaf,0xce,0x48,0x39,0xca,0x0f,0x87,0x9a,0x0e,0x00,0x00,0x85,0xff,0x0f,
    0x8e,0x12,0x06,0x00,0x00,0x8d,0x77,0xff,0x31,0xdb,0x89,0xb5,0x30,0xfc,0xff,0xff,
    0x48,0x89,0xb5,0x48,0xfc,0xff,0xff,0xe9,0xbb,0x00,0x00,0x00,0x0f,0x1f,0x40,0x00,
    0x39,0x9d,0x30,0xfc,0xff,0xff,0x0f,0x84,0x58,0x05,0x00,0x00,0xf3,0x0f,0x10,0x0d,
    0x44,0xf9,0x01,0x01,0x66,0x0f,0xef,0xc0,0x48,0x8b,0xbd,0x98,0xfb,0xff,0xff,0x48,
    0x89,0xd6,0xf3,0x0f,0x11,0x8d,0xf0,0xfb,0xff,0xff,0xf3,0x0f,0x11,0x85,0x08,0xfc,
    0xff,0xff,0x48,0x89,0x95,0x20,0xfc,0xff,0xff,0xe8,0xb2,0x18,0x6e,0xfe,0x48,0x8b,
    0x95,0x20,0xfc,0xff,0xff,0xf3,0x0f,0x10,0x85,0x08,0xfc,0xff,0xff,0x48,0x85,0xc0,
    0xf3,0x0f,0x10,0x8d,0xf0,0xfb,0xff,0xff,0x0f,0x84,0x37,0x05,0x00,0x00,0xf3,0x0f,
    0x10,0x15,0x32,0xf9,0x01,0x01,0x8b,0x0a,0x4c,0x8d,0x6d,0x80,0x8b,0x42,0x04,0x0f,
    0x28,0xda,0x48,0x8d,0xbd,0x90,0xfd,0xff,0xff,0x4c,0x89,0xee,0x89,0x4d,0x80,0x89,
    0x45,0x84,0xf3,0x0f,0x11,0x45,0x88,0xf3,0x0f,0x11,0x4d,0x8c,0xf3,0x0f,0x11,0x5d,
    0x90,0xf3,0x0f,0x11,0x55,0x94,0xc6,0x45,0x98,0x00,0xe8,0x31,0xef,0xc4,0xfd,0x48,
    0x8d,0x53,0x01,0x48,0x3b,0x9d,0x48,0xfc,0xff,0xff,0x0f,0x84,0x47,0x05,0x00,0x00,
    0x49,0x8b,0x04,0x24,0x48,0x89,0xd3,0x48,0x8d,0x14,0x5b,0x48,0x8d,0x14,0x90,0x80,
    0x7a,0x08,0x00,0x0f,0x85,0x37,0xff,0xff,0xff,0xf3,0x0f,0x10,0x05,0x87,0xf8,0x01,
    0x01,0x66,0x0f,0xef,0xc9,0x39,0x9d,0x30,0xfc,0xff,0xff,0x0f,0x85,0x37,0xff,0xff,
    0xff,0x0f,0x28,0xc8,0xf3,0x0f,0x5c,0x8d,0xc0,0xfb,0xff,0xff,0x0f,0x2e,0xc8,0x0f,
    0x8a,0x23,0xff,0xff,0xff,0x74,0xa8,0xe9,0x1c,0xff,0xff,0xff,0x0f,0x1f,0x40,0x00,
    0x48,0x8b,0x85,0x28,0xfc,0xff,0xff,0x4c,0x89,0xff,0x48,0x8d,0x70,0x30,0xe8,0x4d,
    0x63,0x26,0xfe,0x48,0x63,0x95,0xe8,0xfe,0xff,0xff,0x48,0x8b,0x30,0x4c,0x89,0xff,
    0x48,0x69,0xd2,0xb8,0x00,0x00,0x00,0x48,0x01,0xd6,0xe8,0xa1,0xca,0x00,0x00,0x48,
    0x8b,0x50,0x08,0x48,0x2b,0x10,0x48,0xc1,0xfa,0x02,0x85,0xd2,0x0f,0x84,0x84,0x00,
    0x00,0x00,0xb8,0xff,0xff,0xff,0xff,0x48,0x89,0x85,0xec,0xfe,0xff,0xff,0x41,0x80,
    0x7c,0x24,0x15,0x00,0x74,0x70,0x41,0x83,0x7d,0x50,0xff,0x0f,0x85,0xf3,0xf6,0xff,
    0xff,0x48,0x8d,0x0d,0x08,0x33,0xff,0x01,0xba,0xc3,0x03,0x00,0x00,0x48,0x8d,0x35,
    0x94,0x78,0x05,0x01,0x48,0x8d,0x3d,0xb5,0x7c,0x05,0x01,0xe8,0x70,0xf2,0x15,0x00,
    0x41,0x83,0x7c,0x24,0x10,0xff,0x0f,0x84,0xdb,0xf5,0xff,0xff,0x41,0x83,0x7d,0x50,
    0xff,0x0f,0x84,0x25,0x02,0x00,0x00,0x48,0x8d,0x0d,0xd2,0x32,0xff,0x01,0xba,0xa4,
    0x03,0x00,0x00,0x48,0x8d,0x35,0x5e,0x78,0x05,0x01,0x48,0x8d,0x3d,0xaf,0x79,0x05,
    0x01,0xe8,0x3a,0xf2,0x15,0x00,0x48,0x89,0xdf,0xe8,0x52,0x04,0x87,0xfd,0x85,0xc0,
    0x0f,0x85,0xdb,0xf9,0xff,0xff,0x48,0x8b,0x8d,0x00,0xfc,0xff,0xff,0x48,0x8b,0x95,
    0x48,0xfc,0xff,0xff,0x4c,0x89,0xfe,0x48,0x8b,0xbd,0xa8,0xfb,0xff,0xff,0xe8,0x2d,
    0x35,0x8a,0xfe,0xe9,0x33,0xfb,0xff,0xff,0x0f,0x1f,0x84,0x00,0x00,0x00,0x00,0x00,
    0x48,0x8d,0x0d,0xf9,0x38,0xff,0x01,0xba,0x21,0x05,0x00,0x00,0x48,0x8d,0x35,0x05,
    0x78,0x05,0x01,0x48,0x8d,0x3d,0x63,0x8e,0x0d,0x01,0xe8,0xe1,0xf1,0x15,0x00,0x48,
    0x8b,0xbd,0x28,0xfc,0xff,0xff,0xe8,0x75,0x52,0xc3,0xfd,0x48,0x8b,0xb5,0x30,0xfc,
    0xff,0xff,0xba,0x01,0x00,0x00,0x00,0x4c,0x89,0xff,0xe8,0xe1,0x83,0x3e,0x00,0xe9,
    0x24,0xfb,0xff,0xff,0x48,0x8b,0x85,0xb0,0xfe,0xff,0xff,0x48,0x39,0x85,0xb8,0xfe,
    0xff,0xff,0x0f,0x85,0xf8,0xf7,0xff,0xff,0x48,0x8b,0x85,0xc8,0xfe,0xff,0xff,0x48,
    0x39,0x85,0xd0,0xfe,0xff,0xff,0x0f,0x85,0xe4,0xf7,0xff,0xff,0x83,0xbd,0xe0,0xfe,
    0xff,0xff,0xff,0xbb,0x04,0x00,0x00,0x00,0x0f,0x85,0x33,0xf9,0xff,0xff,0xe9,0x53,
    0xff,0xff,0xff,0x0f,0x1f,0x44,0x00,0x00,0x4c,0x8b,0xad,0x20,0xfc,0xff,0xff,0x4c,
    0x8b,0xa5,0x08,0xfc,0xff,0xff,0xe9,0xa1,0xf7,0xff,0xff,0x4c,0x8b,0xad,0x20,0xfc,
    0xff,0xff,0x4c,0x8b,0xa5,0x08,0xfc,0xff,0xff,0xe9,0xbb,0xf6,0xff,0xff,0x48,0x8b,
    0x85,0xb0,0xfb,0xff,0xff,0x4c,0x8b,0x8d,0xf8,0xfb,0xff,0xff,0xba,0x01,0x00,0x00,
    0x00,0x4c,0x89,0xff,0x48,0x8b,0xb5,0xa0,0xfb,0xff,0xff,0x48,0xc7,0x85,0x50,0xfe,
    0xff,0xff,0x00,0x00,0x00,0x00,0x48,0x8d,0x48,0x1c,0x4c,0x8d,0x40,0x10,0xc7,0x85,
    0x58,0xfe,0xff,0xff,0x00,0x00,0x00,0x00,0xc7,0x85,0x5c,0xfe,0xff,0xff,0x00,0x00,
    0x00,0x00,0x48,0xc7,0x85,0x60,0xfe,0xff,0xff,0xff,0xff,0xff,0xff,0xc6,0x85,0x68,
    0xfe,0xff,0xff,0x00,0xe8,0xe7,0x94,0x01,0x00,0x84,0xc0,0x0f,0x84,0x6b,0xf8,0xff,
    0xff,0x0f,0xb6,0x85,0x68,0xfe,0xff,0xff,0x48,0x8b,0xb5,0xd8,0xfb,0xff,0xff,0x88,
    0x85,0xd0,0xfb,0xff,0xff,0x48,0x39,0xb5,0xe0,0xfb,0xff,0xff,0x74,0x14,0x48,0x8b,
    0x85,0xb0,0xfe,0xff,0xff,0x48,0x39,0x85,0xb8,0xfe,0xff,0xff,0x0f,0x84,0x3c,0x0a,
    0x00,0x00,0x48,0x8b,0xb5,0xb8,0xfb,0xff,0xff,0x48,0x39,0xb5,0xc0,0xfb,0xff,0xff,
    0x0f,0x84,0x26,0xf8,0xff,0xff,0x48,0x8b,0x85,0xf8,0xfe,0xff,0xff,0x48,0x39,0x85,
    0x00,0xff,0xff,0xff,0x0f,0x85,0x12,0xf8,0xff,0xff,0x48,0x8b,0x85,0x60,0xfe,0xff,
    0xff,0xf3,0x0f,0x10,0x85,0x5c,0xfe,0xff,0xff,0x48,0x83,0xcb,0x04,0x48,0x8b,0x95,
    0xe8,0xfb,0xff,0xff,0x48,0x8b,0xb5,0xf0,0xfb,0xff,0xff,0x48,0x89,0x45,0xa0,0x48,
    0x8b,0x85,0x28,0xfc,0xff,0xff,0xf3,0x0f,0x11,0x45,0xa8,0x48,0x8d,0x78,0x48,0xe8,
    0x1c,0xf0,0x8a,0xfe,0xe9,0xd3,0xf7,0xff,0xff,0x0f,0x1f,0x80,0x00,0x00,0x00,0x00,
    0x48,0x39,0xc2,0x0f,0x85,0xdb,0xf5,0xff,0xff,0xe9,0x7e,0xf6,0xff,0xff,0x48,0x39,
    0xd0,0x0f,0x85,0x01,0xf5,0xff,0xff,0xe9,0x9d,0xf5,0xff,0xff,0x49,0x8b,0x45,0x08,
    0x83,0x38,0xff,0x0f,0x85,0x9e,0xf3,0xff,0xff,0xe9,0xc9,0xfd,0xff,0xff,0x48,0x8b,
    0xb5,0x28,0xfc,0xff,0xff,0x8b,0x85,0x40,0xff,0xff,0xff,0x4c,0x89,0xff,0x50,0x48,
    0x8d,0x46,0x78,0x48,0x8d,0x4e,0x18,0x48,0x89,0xf2,0x50,0x4c,0x8d,0x4e,0x60,0x4c,
    0x8d,0x46,0x30,0x48,0x8b,0xb5,0x48,0xfc,0xff,0xff,0xe8,0xc1,0x4c,0x8a,0xfe,0x41,
    0x5b,0x5b,0xe9,0x14,0xf9,0xff,0xff,0x48,0x85,0xc0,0x74,0xc2,0x49,0x8b,0x56,0x30,
    0x49,0x2b,0x56,0x28,0x48,0x83,0xfa,0x0c,0x0f,0x85,0x68,0x16,0x00,0x00,0x48,0x8b,
    0x95,0xb0,0xfe,0xff,0xff,0x4c,0x8b,0x85,0xb8,0xfe,0xff,0xff,0x48,0x8b,0xb5,0xf8,
    0xfe,0xff,0xff,0x48,0x8b,0xbd,0x00,0xff,0xff,0xff,0xe9,0x32,0xf8,0xff,0xff,0x48,
    0x8b,0xbd,0x18,0xff,0xff,0xff,0x48,0x39,0xbd,0x10,0xff,0xff,0xff,0x0f,0x84,0xb4,
    0x11,0x00,0x00,0x48,0x8b,0xbd,0xc8,0xfe,0xff,0xff,0x48,0x39,0xbd,0xd0,0xfe,0xff,
    0xff,0x0f,0x85,0x81,0x11,0x00,0x00,0x48,0x85,0xc0,0x0f,0x85,0x59,0x11,0x00,0x00,
    0x49,0x83,0xf9,0x0c,0x41,0x8b,0x4d,0x60,0xf3,0x41,0x0f,0x10,0x4b,0x44,0x66,0x0f,
    0xef,0xd2,0x48,0x0f,0x45,0xd6,0x0f,0xb6,0x85,0xd0,0xfb,0xff,0xff,0x48,0x83,0xec,
    0x08,0x4c,0x8b,0x02,0xf3,0x0f,0x10,0x42,0x08,0x51,0x50,0x8b,0x85,0x40,0xff,0xff,
    0xff,0x53,0x50,0x48,0x8b,0x85,0x28,0xfc,0xff,0xff,0x6a,0x00,0x4c,0x8d,0x48,0x60,
    0xe9,0x46,0xf8,0xff,0xff,0x48,0x8b,0x85,0xb0,0xfb,0xff,0xff,0x4c,0x8b,0x8d,0xf8,
    0xfb,0xff,0xff,0xba,0x04,0x00,0x00,0x00,0x4c,0x89,0xff,0x48,0x8b,0xb5,0xa0,0xfb,
    0xff,0xff,0x48,0xc7,0x85,0x50,0xfe,0xff,0xff,0x00,0x00,0x00,0x00,0x48,0x8d,0x48,
    0x1c,0x4c,0x8d,0x40,0x10,0xc7,0x85,0x58,0xfe,0xff,0xff,0x00,0x00,0x00,0x00,0xc7,
    0x85,0x5c,0xfe,0xff,0xff,0x00,0x00,0x00,0x00,0x48,0xc7,0x85,0x60,0xfe,0xff,0xff,
    0xff,0xff,0xff,0xff,0xc6,0x85,0x68,0xfe,0xff,0xff,0x00,0xe8,0xd0,0x92,0x01,0x00,
    0x84,0xc0,0x0f,0x84,0x78,0xf6,0xff,0xff,0x48,0x8b,0x85,0x60,0xfe,0xff,0xff,0xf3,
    0x0f,0x10,0x85,0x5c,0xfe,0xff,0xff,0x48,0x8b,0x95,0xe8,0xfb,0xff,0xff,0x48,0x8b,
    0xb5,0xf0,0xfb,0xff,0xff,0x48,0x89,0x45,0xa0,0x48,0x8b,0x85,0x28,0xfc,0xff,0xff,
    0xf3,0x0f,0x11,0x45,0xa8,0x48,0x8d,0x78,0x18,0xe8,0x62,0xee,0x8a,0xfe,0x0f,0xb6,
    0x85,0x68,0xfe,0xff,0xff,0x48,0x83,0xcb,0x02,0x88,0x85,0xd0,0xfb,0xff,0xff,0xe9,
    0x2c,0xf6,0xff,0xff,0xf3,0x0f,0x10,0x8d,0xc0,0xfb,0xff,0xff,0x66,0x0f,0xef,0xc0,
    0xe9,0x77,0xfb,0xff,0xff,0x48,0x8b,0x85,0xc8,0xfe,0xff,0xff,0x48,0x3b,0x85,0xd0,
    0xfe,0xff,0xff,0x0f,0x84,0xa3,0xf4,0xff,0xff,0x48,0x89,0x85,0xd0,0xfe,0xff,0xff,
    0xe9,0x97,0xf4,0xff,0xff,0x66,0x0f,0x7e,0xc8,0x4c,0x8d,0x6d,0x80,0x4c,0x89,0xfe,
    0x48,0x89,0xc1,0x66,0x0f,0x7e,0xc0,0x4c,0x89,0xef,0x48,0xc1,0xe1,0x20,0x48,0x09,
    0xc8,0x48,0x8b,0x0a,0x8b,0x95,0x68,0xfb,0xff,0xff,0x48,0x89,0x85,0x20,0xfc,0xff,
    0xff,0xf3,0x0f,0x7e,0x85,0x20,0xfc,0xff,0xff,0xe8,0x42,0xd2,0x03,0x00,0x80,0x7d,
    0x98,0x00,0x0f,0x85,0x00,0x08,0x00,0x00,0x8b,0x4d,0x80,0x8b,0x45,0x84,0xf3,0x0f,
    0x10,0x45,0x88,0xf3,0x0f,0x10,0x4d,0x8c,0xf3,0x0f,0x10,0x5d,0x90,0xf3,0x0f,0x10,
    0x55,0x94,0xe9,0x7b,0xfa,0xff,0xff,0x48,0x8b,0x85,0x90,0xfd,0xff,0xff,0x48,0x8b,
    0xbd,0x30,0xfd,0xff,0xff,0x48,0xc7,0x85,0x90,0xfd,0xff,0xff,0x00,0x00,0x00,0x00,
    0x48,0x89,0x85,0x30,0xfd,0xff,0xff,0x48,0x8b,0x85,0x98,0xfd,0xff,0xff,0x48,0xc7,
    0x85,0x98,0xfd,0xff,0xff,0x00,0x00,0x00,0x00,0x48,0x89,0x85,0x38,0xfd,0xff,0xff,
    0x48,0x8b,0x85,0xa0,0xfd,0xff,0xff,0x48,0xc7,0x85,0xa0,0xfd,0xff,0xff,0x00,0x00,
    0x00,0x00,0x48,0x89,0x85,0x40,0xfd,0xff,0xff,0x48,0x85,0xff,0x74,0x16,0xe8,0x0d,
    0xf2,0x86,0xfd,0x48,0x8b,0xbd,0x90,0xfd,0xff,0xff,0x48,0x85,0xff,0x74,0x05,0xe8,
    0xfc,0xf1,0x86,0xfd,0xc7,0x85,0x48,0xfc,0xff,0xff,0x02,0x00,0x00,0x00,0x49,0x8b,
    0x44,0x24,0x34,0x48,0x89,0x85,0xa4,0xfc,0xff,0xff,0x41,0x8b,0x44,0x24,0x3c,0x89,
    0x85,0xac,0xfc,0xff,0xff,0x48,0x8b,0x85,0x38,0xfd,0xff,0xff,0x48,0x3b,0x85,0x30,
    0xfd,0xff,0xff,0x0f,0x84,0xd3,0x0e,0x00,0x00,0x80,0x78,0xfc,0x00,0x0f,0x85,0x10,
    0x09,0x00,0x00,0x48,0x8b,0xbd,0x98,0xfb,0xff,0xff,0x48,0x8d,0x70,0xe4,0xe8,0x3d,
    0x12,0x6e,0xfe,0x48,0x85,0xc0,0x74,0x5a,0x48,0x8b,0x85,0xe0,0xfb,0xff,0xff,0x48,
    0x8d,0x9d,0xb0,0xfd,0xff,0xff,0x45,0x31,0xc0,0x4c,0x89,0xfe,0x8b,0x8d,0x48,0xfc,
    0xff,0xff,0x48,0x89,0xdf,0x48,0x8d,0x50,0x50,0xe8,0x02,0x13,0x70,0xfe,0x48,0x8d,
    0xbd,0x50,0xfd,0xff,0xff,0x48,0x89,0xde,0xe8,0x83,0x9c,0xff,0xff,0x48,0x8b,0xbd,
    0xb0,0xfd,0xff,0xff,0x48,0x85,0xff,0x74,0x05,0xe8,0x62,0xf1,0x86,0xfd,0x48,0x8b,
    0x85,0x50,0xfd,0xff,0xff,0x48,0x39,0x85,0x58,0xfd,0xff,0xff,0x0f,0x84,0x97,0x06,
    0x00,0x00,0x48,0x8b,0xb5,0x30,0xfd,0xff,0xff,0x48,0x8b,0x85,0x38,0xfd,0xff,0xff,
    0x48,0xb9,0xb7,0x6d,0xdb,0xb6,0x6d,0xdb,0xb6,0x6d,0x48,0xc7,0x85,0x70,0xfd,0xff,
    0xff,0x00,0x00,0x00,0x00,0x8b,0x95,0xa4,0xfc,0xff,0xff,0x48,0xc7,0x85,0x78,0xfd,
    0xff,0xff,0x00,0x00,0x00,0x00,0x48,0xc7,0x85,0x80,0xfd,0xff,0xff,0x00,0x00,0x00,
    0x00,0x48,0x29,0xf0,0x48,0xc1,0xf8,0x02,0x48,0x0f,0xaf,0xc1,0x39,0xc2,0x0f,0x8d,
    0xf7,0x08,0x00,0x00,0x48,0x63,0xca,0xf7,0xd2,0x01,0xd0,0x48,0x8d,0x1c,0xcd,0x00,
    0x00,0x00,0x00,0x48,0x01,0xc8,0x48,0x29,0xcb,0x4c,0x8d,0x2c,0xc5,0x00,0x00,0x00,
    0x00,0x48,0xc1,0xe3,0x02,0x49,0x29,0xc5,0x48,0x8d,0x85,0x70,0xfd,0xff,0xff,0x49,
    0xc1,0xe5,0x02,0x48,0x89,0x85,0x30,0xfc,0xff,0xff,0xeb,0x2d,0xf3,0x0f,0x6f,0x2e,
    0x0f,0x11,0x28,0x48,0x8b,0x56,0x10,0x48,0x83,0x85,0x78,0xfd,0xff,0xff,0x1c,0x48,
    0x89,0x50,0x10,0x8b,0x56,0x18,0x89,0x50,0x18,0x49,0x39,0xdd,0x74,0x53,0x48,0x8b,
    0xb5,0x30,0xfd,0xff,0xff,0x48,0x83,0xc3,0x1c,0x48,0x01,0xde,0x80,0x7e,0x18,0x00,
    0x75,0x1b,0x48,0x8b,0xbd,0x98,0xfb,0xff,0xff,0xe8,0x12,0x11,0x6e,0xfe,0x48,0x85,
    0xc0,0x75,0x2e,0x48,0x8b,0xb5,0x30,0xfd,0xff,0xff,0x48,0x01,0xde,0x48,0x8b,0x85,
    0x78,0xfd,0xff,0xff,0x48,0x3b,0x85,0x80,0xfd,0xff,0xff,0x75,0x9f,0x48,0x8b,0xbd,
    0x30,0xfc,0xff,0xff,0x48,0x89,0xf2,0x48,0x89,0xc6,0xe8,0x51,0xed,0x8a,0xfe,0xeb,
    0xa8,0x48,0x8b,0x85,0x70,0xfd,0xff,0xff,0x48,0x39,0x85,0x78,0xfd,0xff,0xff,0x0f,
    0x84,0x36,0x08,0x00,0x00,0x48,0x8b,0xb5,0x28,0xfc,0xff,0xff,0x48,0x8b,0xbd,0x40,
    0xfc,0xff,0xff,0x48,0x8d,0x05,0x0e,0x67,0xb9,0x02,0x48,0x89,0x85,0xb0,0xfe,0xff,
    0xff,0xe8,0xfa,0x7d,0xb7,0xfd,0x48,0x8b,0xb5,0x70,0xfd,0xff,0xff,0x0f,0xb6,0x4e,
    0x18,0x80,0xf9,0xff,0x0f,0x84,0xf9,0x0e,0x00,0x00,0x84,0xc9,0x0f,0x85,0x94,0x07,
    0x00,0x00,0xf3,0x0f,0x10,0x4e,0x0c,0xf3,0x0f,0x10,0x56,0x08,0x66,0x0f,0xef,0xff,
    0x0f,0x28,0xc1,0xf3,0x0f,0x5c,0xc2,0xf3,0x0f,0x59,0x85,0xac,0xfc,0xff,0xff,0xf3,
    0x0f,0x58,0xc2,0x0f,0x2f,0xf8,0x0f,0x87,0x46,0x07,0x00,0x00,0xf3,0x0f,0x10,0x15,
    0xc4,0xf0,0x01,0x01,0x0f,0x2f,0xc2,0x0f,0x87,0xa0,0x0e,0x00,0x00,0x0f,0x2e,0xc8,
    0x7a,0x1b,0x75,0x19,0x0f,0x2f,0x05,0xb1,0xf0,0x01,0x01,0x0f,0x82,0x38,0x07,0x00,
    0x00,0xf3,0x0f,0x10,0x15,0x37,0xf8,0x01,0x01,0xf3,0x0f,0x58,0xc2,0x66,0x0f,0x7e,
    0xc9,0x48,0x8d,0x5d,0xa0,0x89,0xc2,0x48,0x89,0xcf,0x66,0x0f,0x7e,0xc1,0x48,0xc1,
    0xe7,0x20,0x48,0x09,0xf9,0x48,0x89,0xdf,0x48,0x89,0x8d,0x30,0xfc,0xff,0xff,0x48,
    0x8b,0x0e,0x4c,0x89,0xfe,0xf3,0x0f,0x7e,0x85,0x30,0xfc,0xff,0xff,0xe8,0x1e,0xcf,
    0x03,0x00,0xb9,0x07,0x00,0x00,0x00,0x48,0x8b,0xbd,0x70,0xfd,0xff,0xff,0x48,0x89,
    0xde,0xf3,0xa5,0x48,0x8b,0xb5,0x70,0xfd,0xff,0xff,0x48,0x8b,0x85,0x78,0xfd,0xff,
    0xff,0x48,0x89,0xc2,0x48,0x89,0xc1,0x48,0x29,0xf2,0x48,0xc1,0xfa,0x02,0x69,0xd2,
    0xb7,0x6d,0xdb,0xb6,0x83,0xea,0x01,0x78,0x0a,0x80,0x78,0xfc,0x00,0x0f,0x85,0x0e,
    0x03,0x00,0x00,0x48,0x39,0xf0,0x0f,0x84,0x1f,0x07,0x00,0x00,0x80,0x78,0xfc,0x00,
    0x0f,0x85,0x0d,0x09,0x00,0x00,0x48,0x8b,0x95,0x38,0xfd,0xff,0xff,0x80,0x7a,0xfc,
    0x00,0x0f,0x85,0x1b,0x09,0x00,0x00,0xbb,0x01,0x00,0x00,0x00,0x8b,0x78,0xe4,0x39,
    0x7a,0xe4,0x0f,0x84,0xcf,0x08,0x00,0x00,0x4d,0x85,0xe4,0x0f,0x84,0x2b,0x08,0x00,
    0x00,0x48,0x8b,0x85,0x38,0xfc,0xff,0xff,0x48,0x8b,0xb5,0xe8,0xfb,0xff,0xff,0x48,
    0x8d,0xb8,0xf8,0x01,0x00,0x00,0xe8,0x85,0xf8,0x68,0xfe,0x48,0x85,0xc0,0x0f,0x84,
    0xfd,0x08,0x00,0x00,0x48,0x8b,0x8d,0x88,0xfb,0xff,0xff,0x48,0x8b,0x95,0x78,0xfb,
    0xff,0xff,0x48,0x8d,0xb5,0x70,0xfd,0xff,0xff,0x48,0x8b,0xbd,0xf8,0xfb,0xff,0xff,
    0x44,0x8b,0x60,0x0c,0xe8,0xa7,0x0d,0x04,0x00,0x48,0x8b,0x85,0xd8,0xfb,0xff,0xff,
    0xf3,0x0f,0x10,0x8d,0x30,0xfe,0xff,0xff,0x66,0x0f,0xef,0xdb,0x45,0x89,0xe1,0xf3,
    0x0f,0x10,0x85,0x10,0xfe,0xff,0xff,0x48,0x8b,0x8d,0x28,0xfc,0xff,0xff,0x4c,0x8d,
    0x85,0xa8,0xfc,0xff,0xff,0xf3,0x0f,0x10,0x50,0x0c,0x48,0x8b,0x85,0x50,0xfe,0xff,
    0xff,0x56,0x4c,0x89,0xfe,0x48,0x8b,0x95,0xe8,0xfb,0xff,0xff,0x53,0x48,0x89,0x85,
    0xb0,0xfe,0xff,0xff,0x48,0x8b,0x85,0x58,0xfe,0xff,0xff,0x48,0x8b,0xbd,0xc8,0xfb,
    0xff,0xff,0x48,0xc7,0x85,0x50,0xfe,0xff,0xff,0x00,0x00,0x00,0x00,0x48,0x89,0x85,
    0xb8,0xfe,0xff,0xff,0x48,0x8b,0x85,0x60,0xfe,0xff,0xff,0x48,0xc7,0x85,0x58,0xfe,
    0xff,0xff,0x00,0x00,0x00,0x00,0x48,0x89,0x85,0xc0,0xfe,0xff,0xff,0x48,0xc7,0x85,
    0x60,0xfe,0xff,0xff,0x00,0x00,0x00,0x00,0xe8,0x73,0x3c,0x8a,0xfe,0x48,0x8b,0xbd,
    0xb0,0xfe,0xff,0xff,0x5a,0x59,0x48,0x85,0xff,0x74,0x05,0xe8,0x00,0xee,0x86,0xfd,
    0x48,0x8b,0xbd,0x50,0xfe,0xff,0xff,0x48,0x85,0xff,0x74,0x05,0xe8,0xef,0xed,0x86,
    0xfd,0x48,0x8b,0xbd,0x70,0xfd,0xff,0xff,0x48,0x85,0xff,0x74,0x05,0xe8,0xde,0xed,
    0x86,0xfd,0x48,0x8b,0xbd,0x50,0xfd,0xff,0xff,0x48,0x85,0xff,0x74,0x05,0xe8,0xcd,
    0xed,0x86,0xfd,0x48,0x8b,0xbd,0x30,0xfd,0xff,0xff,0x48,0x85,0xff,0x74,0x05,0xe8,
    0xbc,0xed,0x86,0xfd,0x48,0x8b,0xb5,0xe0,0xfb,0xff,0xff,0x48,0x8b,0x46,0x08,0x83,
    0x38,0xff,0x0f,0x84,0xe5,0x01,0x00,0x00,0x83,0x7e,0x50,0xff,0x0f,0x84,0xdb,0x01,
    0x00,0x00,0x48,0x8b,0x85,0xb0,0xfb,0xff,0xff,0x4c,0x89,0xff,0x8b,0x30,0xe8,0xcd,
    0xe7,0x89,0xfe,0x84,0xc0,0x0f,0x84,0x89,0x0b,0x00,0x00,0x4d,0x8b,0x36,0x4d,0x85,
    0xf6,0x0f,0x85,0x95,0xf2,0xff,0xff,0x48,0x8b,0x85,0x90,0xfb,0xff,0xff,0x4c,0x8d,
    0xad,0x64,0xfc,0xff,0xff,0x48,0x8b,0x98,0xf0,0x00,0x00,0x00,0x48,0x8b,0x85,0x38,
    0xfc,0xff,0xff,0x48,0x05,0x30,0x02,0x00,0x00,0x48,0x89,0x85,0x30,0xfc,0xff,0xff,
    0x48,0x8b,0x85,0x28,0xfc,0xff,0xff,0x48,0x83,0xc0,0x18,0x48,0x89,0x85,0x20,0xfc,
    0xff,0xff,0x48,0x85,0xdb,0x0f,0x84,0x21,0x0f,0x00,0x00,0x4c,0x8d,0x73,0x08,0x4c,
    0x89,0xff,0x4c,0x89,0xf6,0xe8,0x36,0xf4,0x8a,0xfe,0x8b,0x53,0x08,0x49,0x89,0xc4,
    0x48,0x8b,0x73,0x18,0x48,0x8d,0x43,0x10,0x89,0x95,0x64,0xfc,0xff,0xff,0x48,0x39,
    0x73,0x20,0x0f,0x84,0xcb,0x0e,0x00,0x00,0x80,0x7b,0x14,0x00,0x0f,0x85,0xa2,0x0e,
    0x00,0x00,0x80,0x7b,0x15,0x00,0x0f,0x85,0x79,0x0e,0x00,0x00,0x44,0x8b,0x8d,0x64,
    0xfc,0xff,0xff,0x8b,0x10,0x48,0x8d,0x4b,0x18,0x4c,0x89,0xfe,0x4c,0x8b,0x85,0x10,
    0xfc,0xff,0xff,0x48,0x8b,0xbd,0x18,0xfc,0xff,0xff,0xe8,0x01,0xbd,0xff,0xff,0x4d,
    0x8b,0x4c,0x24,0x08,0x41,0x83,0x39,0xff,0x0f,0x84,0x32,0x0e,0x00,0x00,0x41,0x83,
    0x7c,0x24,0x50,0xff,0x48,0x63,0x8d,0x64,0xfc,0xff,0xff,0x0f,0x84,0xff,0x0b,0x00,
    0x00,0x48,0x8b,0xbd,0x38,0xfc,0xff,0xff,0x31,0xd2,0x48,0x89,0xc8,0x89,0x8d,0x48,
    0xfc,0xff,0xff,0x48,0xf7,0x77,0x08,0x48,0x89,0xd6,0x4c,0x89,0xea,0xe8,0xbe,0xa1,
    0x00,0x00,0x48,0x85,0xc0,0x0f,0x84,0xb6,0x0b,0x00,0x00,0x48,0x8b,0x00,0x48,0x85,
    0xc0,0x0f,0x84,0xaa,0x0b,0x00,0x00,0x44,0x8b,0x85,0x48,0xfc,0xff,0xff,0xf3,0x0f,
    0x10,0x40,0x0c,0x4c,0x89,0xfe,0x48,0x8b,0x95,0x00,0xfc,0xff,0xff,0x48,0x8b,0xbd,
    0xa8,0xfb,0xff,0xff,0x44,0x89,0xc1,0xe8,0xe4,0x2a,0x8a,0xfe,0x49,0x8b,0x44,0x24,
    0x08,0x83,0x38,0xff,0x0f,0x84,0x58,0x0b,0x00,0x00,0x41,0x83,0x7c,0x24,0x50,0xff,
    0x0f,0x84,0x4c,0x0b,0x00,0x00,0x41,0x8b,0x36,0x4c,0x89,0xff,0xe8,0x6f,0xe6,0x89,
    0xfe,0x84,0xc0,0x0f,0x84,0x77,0x06,0x00,0x00,0x48,0x8b,0x1b,0xe9,0xe1,0xfe,0xff,
    0xff,0x48,0x83,0xe9,0x1c,0x83,0xea,0x01,0x48,0x89,0x8d,0x78,0xfd,0xff,0xff,0x83,
    0xfa,0xff,0x74,0x06,0x80,0x79,0xfc,0x00,0x75,0xe7,0x48,0x89,0xc8,0xe9,0xd1,0xfc,
    0xff,0xff,0x41,0x83,0x7e,0x10,0xff,0x0f,0x84,0xd5,0x01,0x00,0x00,0x48,0x8b,0xb5,
    0xe0,0xfb,0xff,0xff,0x83,0x7e,0x50,0xff,0x0f,0x84,0x23,0x03,0x00,0x00,0x48,0x8d,
    0x0d,0x8b,0x25,0xff,0x01,0xba,0x42,0x04,0x00,0x00,0x48,0x8d,0x35,0x77,0x6d,0x05,
    0x01,0x48,0x8d,0x3d,0xc8,0x6e,0x05,0x01,0xe8,0x53,0xe7,0x15,0x00,0x48,0x8d,0x0d,
    0x4c,0x2e,0xff,0x01,0xba,0x34,0x05,0x00,0x00,0x48,0x8d,0x35,0x58,0x6d,0x05,0x01,
    0x48,0x8d,0x3d,0xb6,0x83,0x0d,0x01,0xe8,0x34,0xe7,0x15,0x00,0x48,0x8d,0x0d,0x4d,
    0x25,0xff,0x01,0xba,0x51,0x04,0x00,0x00,0x48,0x8d,0x35,0x39,0x6d,0x05,0x01,0x48,
    0x8d,0x3d,0x32,0x75,0x05,0x01,0xe8,0x15,0xe7,0x15,0x00,0x48,0x8b,0xb5,0xb0,0xfb,
    0xff,0xff,0xba,0x01,0x00,0x00,0x00,0x4c,0x89,0xff,0xe8,0x21,0x79,0x3e,0x00,0xe9,
    0xe7,0xfd,0xff,0xff,0x48,0x8b,0x8d,0x00,0xfc,0xff,0xff,0x48,0x8b,0xbd,0xa8,0xfb,
    0xff,0xff,0x48,0x8d,0x95,0x60,0xfc,0xff,0xff,0x4c,0x89,0xfe,0xe8,0xff,0x29,0x8a,
    0xfe,0xe9,0x8e,0xfd,0xff,0xff,0x48,0x8b,0x9d,0xd0,0xfb,0xff,0xff,0x48,0x8d,0xbd,
    0x30,0xfd,0xff,0xff,0x48,0x89,0xde,0xe8,0x04,0x13,0xc5,0xfd,0xc7,0x85,0x48,0xfc,
    0xff,0xff,0x00,0x00,0x00,0x00,0x48,0x8b,0x43,0x18,0x48,0x89,0x85,0xa4,0xfc,0xff,
    0xff,0x8b,0x43,0x20,0x89,0x85,0xac,0xfc,0xff,0xff,0xe9,0x36,0xf9,0xff,0xff,0x48,
    0x8d,0x0d,0x7a,0x2b,0xff,0x01,0xba,0x39,0x03,0x00,0x00,0x48,0x8d,0x35,0xa6,0x6c,
    0x05,0x01,0x48,0x8d,0x3d,0xdf,0x6e,0x05,0x01,0xe8,0x82,0xe6,0x15,0x00,0x48,0x8b,
    0x85,0x60,0xfe,0xff,0xff,0xf3,0x0f,0x10,0x85,0x5c,0xfe,0xff,0xff,0x48,0x83,0xcb,
    0x01,0x48,0x8b,0x95,0xe8,0xfb,0xff,0xff,0x48,0x8b,0xb5,0xf0,0xfb,0xff,0xff,0x48,
    0x8b,0xbd,0x28,0xfc,0xff,0xff,0x48,0x89,0x45,0xa0,0xf3,0x0f,0x11,0x45,0xa8,0xe8,
    0x0c,0xe6,0x8a,0xfe,0xe9,0x89,0xf5,0xff,0xff,0x83,0xbd,0x48,0xfc,0xff,0xff,0x02,
    0x0f,0x85,0x68,0x09,0x00,0x00,0x48,0x8b,0x8d,0x00,0xfc,0xff,0xff,0x48,0x8b,0x95,
    0xe8,0xfb,0xff,0xff,0x4c,0x89,0xfe,0x48,0x8b,0xbd,0xa8,0xfb,0xff,0xff,0xe8,0x3d,
    0x29,0x8a,0xfe,0xe9,0xaa,0xfc,0xff,0xff,0x48,0x8d,0x0d,0x71,0x23,0xff,0x01,0xba,
    0x2b,0x00,0x00,0x00,0x48,0x8d,0x35,0x45,0x93,0x03,0x01,0x48,0x8d,0x3d,0x9e,0x93,
    0x03,0x01,0xe8,0xf9,0xe5,0x15,0x00,0x48,0x8b,0x85,0x38,0xfc,0xff,0xff,0x48,0x8b,
    0xb5,0xe8,0xfb,0xff,0xff,0x48,0x8d,0xb8,0x88,0x01,0x00,0x00,0xe8,0x1f,0xa5,0x00,
    0x00,0x48,0x85,0xc0,0x0f,0x84,0x26,0x0d,0x00,0x00,0x4c,0x8d,0x60,0x10,0xe9,0x5e,
    0xf0,0xff,0xff,0x48,0x8d,0x0d,0xa6,0x2a,0xff,0x01,0xba,0x6e,0x03,0x00,0x00,0x48,
    0x8d,0x35,0xd2,0x6b,0x05,0x01,0x48,0x8d,0x3d,0x73,0xa4,0x0c,0x01,0xe8,0xae,0xe5,
    0x15,0x00,0x41,0x80,0x7e,0x14,0x00,0x0f,0x85,0xf8,0x07,0x00,0x00,0x41,0x80,0x7e,
    0x15,0x00,0x0f,0x85,0x68,0xef,0xff,0xff,0x48,0x8d,0x0d,0xb1,0x23,0xff,0x01,0xba,
    0x44,0x04,0x00,0x00,0x48,0x8d,0x35,0x9d,0x6b,0x05,0x01,0x48,0x8d,0x3d,0x26,0x73,
    0x05,0x01,0xe8,0x79,0xe5,0x15,0x00,0x4c,0x8b,0xad,0x98,0xfd,0xff,0xff,0x48,0x6b,
    0xfa,0x1c,0x4c,0x89,0xe8,0x48,0x29,0xd8,0x48,0x89,0xbd,0x48,0xfc,0xff,0xff,0x48,
    0x89,0x85,0x30,0xfc,0xff,0xff,0x48,0x85,0xd2,0x0f,0x84,0xdc,0x00,0x00,0x00,0xe8,
    0xcc,0xe9,0x86,0xfd,0x48,0x89,0xc2,0x4c,0x39,0xeb,0x74,0x23,0xf3,0x0f,0x6f,0x23,
    0x48,0x83,0xc3,0x1c,0x48,0x83,0xc2,0x1c,0x0f,0x11,0x62,0xe4,0x48,0x8b,0x4b,0xf4,
    0x48,0x89,0x4a,0xf4,0x8b,0x4b,0xfc,0x89,0x4a,0xfc,0x49,0x39,0xdd,0x75,0xdd,0x48,
    0x8b,0xbd,0x90,0xfd,0xff,0xff,0x48,0x85,0xff,0x74,0x13,0x48,0x89,0x85,0x20,0xfc,
    0xff,0xff,0xe8,0x79,0xe9,0x86,0xfd,0x48,0x8b,0x85,0x20,0xfc,0xff,0xff,0x48,0x8b,
    0x95,0x30,0xfc,0xff,0xff,0x48,0x89,0x85,0x90,0xfd,0xff,0xff,0x48,0x01,0xc2,0x48,
    0x03,0x85,0x48,0xfc,0xff,0xff,0x48,0x89,0x95,0x98,0xfd,0xff,0xff,0x49,0x8b,0x54,
    0x24,0x08,0x48,0x89,0x85,0xa0,0xfd,0xff,0xff,0x49,0x8b,0x04,0x24,0x48,0x29,0xc2,
    0x48,0x89,0xd1,0x48,0xba,0xab,0xaa,0xaa,0xaa,0xaa,0xaa,0xaa,0xaa,0x48,0xc1,0xf9,
    0x02,0x48,0x89,0xcf,0x48,0x0f,0xaf,0xfa,0xe9,0xa0,0xf0,0xff,0xff,0x48,0x8d,0x0d,
    0xac,0x2b,0xff,0x01,0xba,0x13,0x05,0x00,0x00,0x48,0x8d,0x35,0xb8,0x6a,0x05,0x01,
    0x48,0x8d,0x3d,0x51,0x6d,0x05,0x01,0xe8,0x94,0xe4,0x15,0x00,0x48,0x8d,0x0d,0x4d,
    0x27,0xff,0x01,0xba,0x85,0x03,0x00,0x00,0x48,0x8d,0x35,0x99,0x6a,0x05,0x01,0x48,
    0x8d,0x3d,0xc2,0x6d,0x05,0x01,0xe8,0x75,0xe4,0x15,0x00,0x31,0xc0,0xe9,0x22,0xff,
    0xff,0xff,0x48,0x8d,0x0d,0x67,0x2b,0xff,0x01,0xba,0x01,0x05,0x00,0x00,0x48,0x8d,
    0x35,0x73,0x6a,0x05,0x01,0x48,0x8d,0x3d,0x0c,0x6d,0x05,0x01,0xe8,0x4f,0xe4,0x15,
    0x00,0x48,0x8b,0x56,0x08,0x83,0x3a,0xff,0x0f,0x85,0x07,0xee,0xff,0xff,0xe9,0xcb,
    0xfc,0xff,0xff,0x48,0x8d,0x0d,0x96,0x21,0xff,0x01,0xba,0x2b,0x00,0x00,0x00,0x48,
    0x8d,0x35,0x6a,0x91,0x03,0x01,0x48,0x8d,0x3d,0xc3,0x91,0x03,0x01,0xe8,0x1e,0xe4,
    0x15,0x00,0x66,0x0f,0xef,0xe4,0x66,0x0f,0xef,0xc0,0x0f,0x2e,0xcc,0x0f,0x8a,0xda,
    0xf8,0xff,0xff,0x0f,0x85,0xd4,0xf8,0xff,0xff,0xf3,0x0f,0x10,0x15,0x9f,0xe9,0x01,
    0x01,0xe9,0xc3,0xf8,0xff,0xff,0x80,0xe9,0x01,0x0f,0x85,0x54,0x07,0x00,0x00,0xf3,
    0x0f,0x10,0x4e,0x08,0xf3,0x0f,0x10,0x46,0x14,0xf3,0x0f,0x10,0x9d,0xac,0xfc,0xff,
    0xff,0xf3,0x0f,0x10,0x56,0x04,0xf3,0x0f,0x5c,0xc1,0xf3,0x0f,0x10,0x26,0xf3,0x0f,
    0x59,0xc3,0xf3,0x0f,0x58,0xc1,0xf3,0x0f,0x10,0x4e,0x10,0xf3,0x0f,0x5c,0xca,0xf3,
    0x0f,0x11,0x46,0x08,0xf3,0x0f,0x59,0xcb,0xf3,0x0f,0x58,0xca,0xf3,0x0f,0x10,0x56,
    0x0c,0xf3,0x0f,0x5c,0xd4,0xf3,0x0f,0x11,0x4e,0x04,0xf3,0x0f,0x59,0xd3,0xf3,0x0f,
    0x58,0xd4,0xf3,0x0f,0x11,0x16,0xe9,0xaf,0xf8,0xff,0xff,0x0f,0xb6,0x8d,0x48,0xfc,
    0xff,0xff,0xba,0x01,0x00,0x00,0x00,0x48,0x8b,0x85,0xd8,0xfb,0xff,0xff,0x4c,0x89,
    0xff,0x4c,0x8b,0x8d,0x28,0xfc,0xff,0xff,0x48,0x8b,0xb5,0xa0,0xfb,0xff,0xff,0x48,
    0xc7,0x85,0xb0,0xfe,0xff,0xff,0x00,0x00,0x00,0x00,0x48,0xd3,0xe2,0x4c,0x8d,0x40,
    0x10,0x48,0x8d,0x48,0x1c,0xc7,0x85,0xb8,0xfe,0xff,0xff,0x00,0x00,0x00,0x00,0xc7,
    0x85,0xbc,0xfe,0xff,0xff,0x00,0x00,0x00,0x00,0x48,0xc7,0x85,0xc0,0xfe,0xff,0xff,
    0xff,0xff,0xff,0xff,0xc6,0x85,0xc8,0xfe,0xff,0xff,0x00,0xe8,0x20,0x87,0x01,0x00,
    0x84,0xc0,0x0f,0x84,0x44,0x04,0x00,0x00,0x4d,0x85,0xe4,0x0f,0x84,0x1d,0x02,0x00,
    0x00,0x48,0x8b,0x85,0xc0,0xfe,0xff,0xff,0xbf,0x0c,0x00,0x00,0x00,0x48,0x89,0x45,
    0x80,0x8b,0x85,0xc8,0xfe,0xff,0xff,0x89,0x45,0x88,0xe8,0x81,0xe7,0x86,0xfd,0x48,
    0x89,0xc3,0x4c,0x8d,0x60,0x0c,0x48,0x8b,0x45,0x80,0x48,0x8b,0xb5,0xe8,0xfb,0xff,
    0xff,0x48,0x89,0x03,0x8b,0x45,0x88,0x89,0x43,0x08,0x48,0x8b,0x85,0x38,0xfc,0xff,
    0xff,0x48,0x8d,0xb8,0xf8,0x01,0x00,0x00,0xe8,0xf3,0xf0,0x68,0xfe,0x48,0x85,0xc0,
    0x0f,0x84,0xa9,0x01,0x00,0x00,0x44,0x8b,0x48,0x0c,0x48,0x8b,0x85,0xd8,0xfb,0xff,
    0xff,0x66,0x0f,0xef,0xdb,0x45,0x31,0xc0,0xf3,0x0f,0x10,0x0d,0x18,0xe8,0x01,0x01,
    0xf3,0x0f,0x10,0x85,0xbc,0xfe,0xff,0xff,0x4c,0x89,0xfe,0xf3,0x0f,0x10,0x50,0x0c,
    0x48,0x8b,0x8d,0xf8,0xfb,0xff,0xff,0x41,0x52,0x48,0x8b,0x95,0xe8,0xfb,0xff,0xff,
    0x48,0x8b,0xbd,0xc8,0xfb,0xff,0xff,0x6a,0x01,0x48,0x89,0x9d,0x50,0xfe,0xff,0xff,
    0x4c,0x89,0xa5,0x58,0xfe,0xff,0xff,0x4c,0x89,0xa5,0x60,0xfe,0xff,0xff,0xe8,0x3d,
    0x35,0x8a,0xfe,0x48,0x8b,0xbd,0x50,0xfe,0xff,0xff,0x41,0x58,0x41,0x59,0x48,0x85,
    0xff,0x0f,0x85,0xd5,0xf8,0xff,0xff,0xe9,0xd5,0xf8,0xff,0xff,0x48,0x8b,0xbd,0xd0,
    0xfb,0xff,0xff,0x4c,0x8b,0x85,0x28,0xfc,0xff,0xff,0x48,0xc7,0x85,0x70,0xfd,0xff,
    0xff,0x00,0x00,0x00,0x00,0x48,0xc7,0x85,0x78,0xfd,0xff,0xff,0x00,0x00,0x00,0x00,
    0xf3,0x0f,0x10,0x47,0x34,0x48,0x8b,0xbd,0xb8,0xfb,0xff,0xff,0x8b,0x4f,0x14,0x8b,
    0x57,0x10,0x48,0x89,0x85,0xb8,0xfe,0xff,0xff,0x4c,0x8d,0x4f,0x0c,0x48,0x8b,0x85,
    0x80,0xfd,0xff,0xff,0x48,0x89,0xb5,0xb0,0xfe,0xff,0xff,0x48,0x8b,0xbd,0xa8,0xfb,
    0xff,0xff,0x48,0x8b,0xb5,0xc8,0xfb,0xff,0xff,0x48,0xc7,0x85,0x80,0xfd,0xff,0xff,
    0x00,0x00,0x00,0x00,0x48,0x89,0x85,0xc0,0xfe,0xff,0xff,0x50,0x53,0x51,0x48,0x8b,
    0x8d,0xe8,0xfb,0xff,0xff,0x52,0x4c,0x89,0xfa,0xe8,0x82,0x33,0x8a,0xfe,0x48,0x8b,
    0xbd,0xb0,0xfe,0xff,0xff,0x48,0x83,0xc4,0x20,0x48,0x85,0xff,0x0f,0x85,0x3a,0xf8,
    0xff,0xff,0xe9,0x3a,0xf8,0xff,0xff,0x8b,0x78,0xe8,0x39,0x7a,0xe8,0x0f,0x85,0x25,
    0xf7,0xff,0xff,0x48,0x8b,0xbd,0xb8,0xfb,0xff,0xff,0x0f,0xb6,0x5f,0x18,0xe9,0x15,
    0xf7,0xff,0xff,0x48,0x8d,0x0d,0xf6,0x1e,0xff,0x01,0xba,0x2b,0x00,0x00,0x00,0x48,
    0x8d,0x35,0xca,0x8e,0x03,0x01,0x48,0x8d,0x3d,0x23,0x8f,0x03,0x01,0xe8,0x7e,0xe1,
    0x15,0x00,0x48,0x8d,0x0d,0xd7,0x1e,0xff,0x01,0xba,0x2b,0x00,0x00,0x00,0x48,0x8d,
    0x35,0xab,0x8e,0x03,0x01,0x48,0x8d,0x3d,0x04,0x8f,0x03,0x01,0xe8,0x5f,0xe1,0x15,
    0x00,0x48,0x8d,0x0d,0x78,0x1f,0xff,0x01,0xba,0xa5,0x04,0x00,0x00,0x48,0x8d,0x35,
    0x64,0x67,0x05,0x01,0x48,0x8d,0x3d,0xfd,0x6f,0x05,0x01,0xe8,0x40,0xe1,0x15,0x00,
    0x48,0x8d,0x0d,0x39,0x28,0xff,0x01,0xba,0x48,0x05,0x00,0x00,0x48,0x8d,0x35,0x45,
    0x67,0x05,0x01,0x48,0x8d,0x3d,0xde,0x69,0x05,0x01,0xe8,0x21,0xe1,0x15,0x00,0x48,
    0x8d,0x0d,0x3a,0x1f,0xff,0x01,0xba,0x87,0x04,0x00,0x00,0x48,0x8d,0x35,0x26,0x67,
    0x05,0x01,0x48,0x8d,0x3d,0xbf,0x6f,0x05,0x01,0xe8,0x02,0xe1,0x15,0x00,0x48,0x8b,
    0x85,0xd8,0xfb,0xff,0xff,0xf3,0x0f,0x10,0x85,0xb0,0xfe,0xff,0xff,0x48,0xc7,0x85,
    0x30,0xfe,0xff,0xff,0x00,0x00,0x00,0x00,0xf3,0x0f,0x10,0x95,0xb4,0xfe,0xff,0xff,
    0xf3,0x0f,0x10,0x8d,0xb8,0xfe,0xff,0xff,0x48,0xc7,0x85,0x38,0xfe,0xff,0xff,0x00,
    0x00,0x00,0x00,0xf3,0x0f,0x5c,0x40,0x1c,0xf3,0x0f,0x5c,0x50,0x20,0x48,0xc7,0x85,
    0x40,0xfe,0xff,0xff,0x00,0x00,0x00,0x00,0xf3,0x0f,0x5c,0x48,0x24,0xf3,0x0f,0x59,
    0xd2,0xf3,0x0f,0x59,0xc0,0xf3,0x0f,0x59,0xc9,0xf3,0x0f,0x58,0xc2,0xf3,0x0f,0x58,
    0xc1,0xe8,0xaa,0xec,0x86,0xfd,0x0f,0x2f,0x05,0x1f,0xe6,0x01,0x01,0x0f,0x87,0x5c,
    0x01,0x00,0x00,0x4c,0x8d,0x6d,0x80,0x80,0xbd,0xc8,0xfe,0xff,0xff,0x00,0xf3,0x0f,
    0x10,0x85,0xbc,0xfe,0xff,0xff,0xf3,0x0f,0x10,0x0d,0xda,0xe5,0x01,0x01,0x75,0x0b,
    0xf3,0x0f,0x5c,0xc8,0x0f,0x28,0xc1,0x66,0x0f,0xef,0xc9,0x66,0x0f,0x7e,0xc8,0x48,
    0x8b,0x8d,0xc0,0xfe,0xff,0xff,0x4c,0x89,0xfe,0x4c,0x89,0xef,0x48,0x89,0xc2,0x66,
    0x0f,0x7e,0xc0,0x48,0xc1,0xe2,0x20,0x48,0x09,0xd0,0x8b,0x95,0x6c,0xfb,0xff,0xff,
    0x48,0x89,0x85,0x48,0xfc,0xff,0xff,0xf3,0x0f,0x7e,0x85,0x48,0xfc,0xff,0xff,0xe8,
    0x4c,0xc4,0x03,0x00,0x48,0x8b,0x85,0x38,0xfe,0xff,0xff,0x48,0x3b,0x85,0x40,0xfe,
    0xff,0xff,0x0f,0x84,0xd0,0x00,0x00,0x00,0xb9,0x07,0x00,0x00,0x00,0x48,0x89,0xc7,
    0x4c,0x89,0xee,0xf3,0xa5,0x48,0x83,0x85,0x38,0xfe,0xff,0xff,0x1c,0x48,0x8b,0xb5,
    0xb8,0xfb,0xff,0xff,0x48,0x8b,0x8d,0x30,0xfe,0xff,0xff,0x48,0x8b,0x85,0xd0,0xfb,
    0xff,0xff,0x4c,0x8b,0x85,0xf8,0xfb,0xff,0xff,0x8b,0x56,0x14,0x4c,0x8d,0x4e,0x0c,
    0xf3,0x0f,0x10,0x40,0x34,0x8b,0x46,0x10,0x48,0x89,0x8d,0x50,0xfe,0xff,0xff,0x48,
    0x8b,0x8d,0x38,0xfe,0xff,0xff,0x57,0x48,0x8b,0xb5,0xc8,0xfb,0xff,0xff,0x6a,0x01,
    0x48,0x89,0x8d,0x58,0xfe,0xff,0xff,0x48,0x8b,0x8d,0x40,0xfe,0xff,0xff,0x52,0x4c,
    0x89,0xfa,0x48,0x8b,0xbd,0xa8,0xfb,0xff,0xff,0x50,0x48,0x89,0x8d,0x60,0xfe,0xff,
    0xff,0x48,0x8b,0x8d,0xe8,0xfb,0xff,0xff,0x48,0xc7,0x85,0x30,0xfe,0xff,0xff,0x00,
    0x00,0x00,0x00,0x48,0xc7,0x85,0x38,0xfe,0xff,0xff,0x00,0x00,0x00,0x00,0x48,0xc7,
    0x85,0x40,0xfe,0xff,0xff,0x00,0x00,0x00,0x00,0xe8,0x22,0x31,0x8a,0xfe,0x48,0x8b,
    0xbd,0x50,0xfe,0xff,0xff,0x48,0x83,0xc4,0x20,0x48,0x85,0xff,0x74,0x05,0xe8,0xcd,
    0xe3,0x86,0xfd,0x48,0x8b,0xbd,0x30,0xfe,0xff,0xff,0x48,0x85,0xff,0x0f,0x85,0xc9,
    0xf5,0xff,0xff,0xe9,0xc9,0xf5,0xff,0xff,0x48,0x8b,0xbd,0x88,0xfb,0xff,0xff,0x4c,
    0x89,0xea,0x48,0x89,0xc6,0xe8,0xa6,0xe0,0x8a,0xfe,0xe9,0x2e,0xff,0xff,0xff,0x48,
    0x8b,0x85,0xd8,0xfb,0xff,0xff,0x4c,0x8d,0x6d,0x80,0x48,0x8b,0xbd,0x88,0xfb,0xff,
    0xff,0x4c,0x89,0xee,0xf3,0x0f,0x10,0x40,0x24,0x48,0x8b,0x40,0x1c,0xc6,0x45,0x98,
    0x01,0x48,0x89,0x45,0x80,0x48,0x8b,0x85,0xb4,0xfe,0xff,0xff,0xf3,0x0f,0x11,0x45,
    0x88,0xf3,0x0f,0x10,0x85,0xb0,0xfe,0xff,0xff,0x48,0x89,0x45,0x90,0xf3,0x0f,0x11,
    0x45,0x8c,0xe8,0xc9,0xda,0xc4,0xfd,0xe9,0x5b,0xfe,0xff,0xff,0x48,0x8b,0x8d,0x00,
    0xfc,0xff,0xff,0x48,0x8b,0x95,0xe8,0xfb,0xff,0xff,0x4c,0x89,0xfe,0x48,0x8b,0xbd,
    0xa8,0xfb,0xff,0xff,0xe8,0xe7,0x21,0x8a,0xfe,0xe9,0x43,0xf5,0xff,0xff,0x48,0x8d,
    0x0d,0xdb,0x1c,0xff,0x01,0xba,0x5f,0x04,0x00,0x00,0x48,0x8d,0x35,0xc7,0x64,0x05,
    0x01,0x48,0x8d,0x3d,0x30,0x67,0x05,0x01,0xe8,0xa3,0xde,0x15,0x00,0x48,0x8d,0x0d,
    0x9c,0x25,0xff,0x01,0xba,0x22,0x05,0x00,0x00,0x48,0x8d,0x35,0xa8,0x64,0x05,0x01,
    0x48,0x8d,0x3d,0x41,0x67,0x05,0x01,0xe8,0x84,0xde,0x15,0x00,0x48,0x8d,0x0d,0x9d,
    0x1c,0xff,0x01,0xba,0x71,0x04,0x00,0x00,0x48,0x8d,0x35,0x89,0x64,0x05,0x01,0x48,
    0x8d,0x3d,0xbd,0xa0,0x0c,0x01,0xe8,0x65,0xde,0x15,0x00,0x48,0x8d,0x0d,0xde,0x1e,
    0xff,0x01,0xba,0xca,0x03,0x00,0x00,0x48,0x8d,0x35,0x6a,0x64,0x05,0x01,0x48,0x8d,
    0x3d,0x5b,0x69,0x05,0x01,0xe8,0x46,0xde,0x15,0x00,0x48,0x8d,0x0d,0xbf,0x1e,0xff,
    0x01,0xba,0x17,0x04,0x00,0x00,0x48,0x8d,0x35,0x4b,0x64,0x05,0x01,0x48,0x8d,0x3d,
    0xd4,0x69,0x05,0x01,0xe8,0x27,0xde,0x15,0x00,0x48,0x8d,0x0d,0xa0,0x1e,0xff,0x01,
    0xba,0x1d,0x04,0x00,0x00,0x48,0x8d,0x35,0x2c,0x64,0x05,0x01,0x48,0x8d,0x3d,0xdd,
    0x6a,0x05,0x01,0xe8,0x08,0xde,0x15,0x00,0x48,0x8d,0x0d,0x81,0x1e,0xff,0x01,0xba,
    0x1c,0x04,0x00,0x00,0x48,0x8d,0x35,0x0d,0x64,0x05,0x01,0x48,0x8d,0x3d,0xee,0xfd,
    0x03,0x01,0xe8,0xe9,0xdd,0x15,0x00,0x48,0x8d,0x0d,0x62,0x1e,0xff,0x01,0xba,0x1b,
    0x04,0x00,0x00,0x48,0x8d,0x35,0xee,0x63,0x05,0x01,0x48,0x8d,0x3d,0x77,0x6a,0x05,
    0x01,0xe8,0xca,0xdd,0x15,0x00,0x48,0x8d,0x0d,0xa3,0x22,0xff,0x01,0xba,0x54,0x03,
    0x00,0x00,0x48,0x8d,0x35,0xcf,0x63,0x05,0x01,0x48,0x8d,0x3d,0x9d,0x76,0x0c,0x01,
    0xe8,0xab,0xdd,0x15,0x00,0x48,0x8d,0x0d,0xc4,0x1b,0xff,0x01,0xba,0x43,0x04,0x00,
    0x00,0x48,0x8d,0x35,0xb0,0x63,0x05,0x01,0x48,0x8d,0x3d,0x23,0x7a,0x0d,0x01,0xe8,
    0x8c,0xdd,0x15,0x00,0x48,0x8d,0x0d,0x85,0x24,0xff,0x01,0xba,0x35,0x05,0x00,0x00,
    0x48,0x8d,0x35,0x91,0x63,0x05,0x01,0x48,0x8d,0x3d,0x2a,0x66,0x05,0x01,0xe8,0x6d,
    0xdd,0x15,0x00,0x48,0x8d,0x0d,0xe6,0x1d,0xff,0x01,0xba,0x25,0x04,0x00,0x00,0x48,
    0x8d,0x35,0x72,0x63,0x05,0x01,0x48,0x8d,0x3d,0xc3,0x6a,0x05,0x01,0xe8,0x4e,0xdd,
    0x15,0x00,0x48,0x8d,0x0d,0xc7,0x1d,0xff,0x01,0xba,0x24,0x04,0x00,0x00,0x48,0x8d,
    0x35,0x53,0x63,0x05,0x01,0x48,0x8d,0x3d,0x7c,0x6a,0x05,0x01,0xe8,0x2f,0xdd,0x15,
    0x00,0x48,0x8d,0x0d,0xa8,0x1d,0xff,0x01,0xba,0x23,0x04,0x00,0x00,0x48,0x8d,0x35,
    0x34,0x63,0x05,0x01,0x48,0x8d,0x3d,0x3d,0x6a,0x05,0x01,0xe8,0x10,0xdd,0x15,0x00,
    0x48,0x8d,0x0d,0x89,0x1d,0xff,0x01,0xba,0x22,0x04,0x00,0x00,0x48,0x8d,0x35,0x15,
    0x63,0x05,0x01,0x48,0x8d,0x3d,0xf6,0x69,0x05,0x01,0xe8,0xf1,0xdc,0x15,0x00,0x48,
    0x8d,0x0d,0x6a,0x1d,0xff,0x01,0xba,0xa7,0x03,0x00,0x00,0x48,0x8d,0x35,0xf6,0x62,
    0x05,0x01,0x48,0x8d,0x3d,0x47,0x66,0x05,0x01,0xe8,0xd2,0xdc,0x15,0x00,0x48,0x8d,
    0x0d,0xeb,0x1a,0xff,0x01,0xba,0x76,0x04,0x00,0x00,0x48,0x8d,0x35,0xd7,0x62,0x05,
    0x01,0x48,0x8d,0x3d,0x20,0x6b,0x05,0x01,0xe8,0xb3,0xdc,0x15,0x00,0x0f,0x2e,0xca,
    0x7a,0x09,0x0f,0x28,0xc1,0x0f,0x84,0x66,0xf1,0xff,0xff,0x0f,0x28,0xc2,0xe9,0x6a,
    0xf1,0xff,0xff,0x48,0x8d,0x0d,0x56,0x1a,0xff,0x01,0xba,0x3d,0x00,0x00,0x00,0x48,
    0x8d,0x35,0xca,0x89,0x03,0x01,0x48,0x8d,0x3d,0x13,0x6b,0x05,0x01,0xe8,0x7e,0xdc,
    0x15,0x00,0x48,0x8d,0x0d,0x77,0x23,0xff,0x01,0xba,0x47,0x05,0x00,0x00,0x48,0x8d,
    0x35,0x83,0x62,0x05,0x01,0x48,0x8d,0x3d,0xe1,0x78,0x0d,0x01,0xe8,0x5f,0xdc,0x15,
    0x00,0x48,0x8d,0x0d,0x98,0x17,0xff,0x01,0xba,0xe1,0x04,0x00,0x00,0x48,0x8d,0x35,
    0x64,0x62,0x05,0x01,0x48,0x8d,0x3d,0x7d,0x6b,0x05,0x01,0xe8,0x40,0xdc,0x15,0x00,
    0x48,0x8b,0xb5,0x38,0xfc,0xff,0xff,0x31,0xd2,0x48,0x89,0xc8,0x48,0x8b,0xbd,0x30,
    0xfc,0xff,0xff,0x4c,0x89,0x8d,0x48,0xfc,0xff,0xff,0x48,0xf7,0xb6,0x38,0x02,0x00,
    0x00,0x48,0x89,0xd6,0x4c,0x89,0xea,0xe8,0x14,0x96,0x00,0x00,0x48,0x85,0xc0,0x0f,
    0x84,0xcd,0x01,0x00,0x00,0x48,0x8b,0x00,0x48,0x89,0x85,0x40,0xfc,0xff,0xff,0x48,
    0x85,0xc0,0x0f,0x84,0xba,0x01,0x00,0x00,0x41,0x83,0x7c,0x24,0x58,0x01,0x48,0xc7,
    0x85,0xd0,0xfd,0xff,0xff,0x00,0x00,0x00,0x00,0x48,0xc7,0x85,0xd8,0xfd,0xff,0xff,
    0x00,0x00,0x00,0x00,0x4c,0x8b,0x8d,0x48,0xfc,0xff,0xff,0x48,0xc7,0x85,0xe0,0xfd,
    0xff,0xff,0x00,0x00,0x00,0x00,0x0f,0x84,0x44,0x01,0x00,0x00,0x48,0x8b,0xbd,0x88,
    0xfb,0xff,0xff,0x45,0x31,0xc0,0x31,0xc9,0x4c,0x89,0xca,0x4c,0x89,0xfe,0xe8,0x9d,
    0x01,0x70,0xfe,0x48,0x8b,0xbd,0x80,0xfb,0xff,0xff,0x48,0x8b,0xb5,0x88,0xfb,0xff,
    0xff,0xe8,0x1a,0x8b,0xff,0xff,0x48,0x8b,0xbd,0x30,0xfe,0xff,0xff,0x48,0x85,0xff,
    0x74,0x05,0xe8,0xf9,0xdf,0x86,0xfd,0x48,0x8b,0x85,0xd0,0xfd,0xff,0xff,0x48,0x39,
    0x85,0xd8,0xfd,0xff,0xff,0x0f,0x84,0xda,0x00,0x00,0x00,0xbe,0xff,0xff,0xff,0xff,
    0x41,0x8b,0x44,0x24,0x58,0x48,0x8b,0xbd,0x20,0xfc,0xff,0xff,0x48,0xc7,0x85,0xb0,
    0xfe,0xff,0xff,0xff,0xff,0xff,0xff,0x48,0x89,0xb5,0xbc,0xfe,0xff,0xff,0x48,0x8b,
    0xb5,0x40,0xfc,0xff,0xff,0x89,0x85,0x48,0xfc,0xff,0xff,0xc7,0x85,0xb8,0xfe,0xff,
    0xff,0xff,0xff,0xff,0xff,0x48,0x83,0xc6,0x10,0xe8,0x12,0x69,0xc3,0xfd,0x44,0x8b,
    0x8d,0x48,0xfc,0xff,0xff,0x45,0x8b,0x04,0x24,0x4c,0x89,0xee,0x4c,0x89,0xff,0x48,
    0x8b,0x8d,0x80,0xfb,0xff,0xff,0x48,0x8b,0x95,0x28,0xfc,0xff,0xff,0xe8,0xfe,0x2e,
    0x8a,0xfe,0x48,0x8b,0xbd,0xc8,0xfe,0xff,0xff,0x48,0x85,0xff,0x74,0x05,0xe8,0x6d,
    0xdf,0x86,0xfd,0x8b,0x95,0x64,0xfc,0xff,0xff,0x48,0x8b,0xbd,0x70,0xfb,0xff,0xff,
    0x4c,0x89,0xfe,0xe8,0xd8,0xe6,0x8a,0xfe,0x48,0x8b,0x85,0x00,0xfe,0xff,0xff,0x48,
    0x8b,0x50,0x08,0x8b,0x12,0x89,0x50,0x50,0xe8,0x93,0x75,0x3b,0x00,0x48,0x8b,0x85,
    0x70,0xfb,0xff,0xff,0x48,0x8b,0xbd,0xf0,0xfd,0xff,0xff,0x48,0x8d,0x15,0xc6,0x3d,
    0xb9,0x02,0x48,0x8d,0x70,0x08,0xe8,0x65,0x5d,0x3e,0x00,0x48,0x8b,0xbd,0xd0,0xfd,
    0xff,0xff,0x48,0x85,0xff,0x0f,0x84,0xc1,0xf2,0xff,0xff,0xe8,0x10,0xdf,0x86,0xfd,
    0xe9,0xb7,0xf2,0xff,0xff,0x48,0x8b,0x8d,0x00,0xfc,0xff,0xff,0x48,0x8b,0xbd,0xa8,
    0xfb,0xff,0xff,0x4c,0x89,0xea,0x4c,0x89,0xfe,0xe8,0xa2,0x1d,0x8a,0xfe,0xeb,0xcb,
    0x48,0x8b,0xbd,0x78,0xfb,0xff,0xff,0x45,0x31,0xc0,0x4c,0x89,0xca,0x4c,0x89,0xfe,
    0xb9,0x02,0x00,0x00,0x00,0xe8,0x56,0x00,0x70,0xfe,0x48,0x8b,0xbd,0x80,0xfb,0xff,
    0xff,0x48,0x8b,0xb5,0x78,0xfb,0xff,0xff,0xe8,0xd3,0x89,0xff,0xff,0x48,0x8b,0xbd,
    0x10,0xfe,0xff,0xff,0x48,0x85,0xff,0x0f,0x85,0xb5,0xfe,0xff,0xff,0xe9,0xb5,0xfe,
    0xff,0xff,0x48,0x8b,0x8d,0x00,0xfc,0xff,0xff,0x48,0x8b,0xbd,0xa8,0xfb,0xff,0xff,
    0x4c,0x89,0xea,0x4c,0x89,0xfe,0xe8,0x45,0x1d,0x8a,0xfe,0xe9,0x3c,0xf2,0xff,0xff,
    0xba,0x01,0x00,0x00,0x00,0x4c,0x89,0xf6,0x4c,0x89,0xff,0xe8,0x30,0x6c,0x3e,0x00,
    0xe9,0x54,0xf2,0xff,0xff,0x48,0x8d,0x0d,0x44,0x15,0xff,0x01,0xba,0xbf,0x04,0x00,
    0x00,0x48,0x8d,0x35,0x10,0x60,0x05,0x01,0x48,0x8d,0x3d,0x95,0x76,0x0d,0x01,0xe8,
    0xec,0xd9,0x15,0x00,0x48,0x8d,0x0d,0x25,0x15,0xff,0x01,0xba,0xbe,0x04,0x00,0x00,
    0x48,0x8d,0x35,0xf1,0x5f,0x05,0x01,0x48,0x8d,0x3d,0x64,0x76,0x0d,0x01,0xe8,0xcd,
    0xd9,0x15,0x00,0x83,0x7b,0x10,0xff,0x0f,0x85,0x2b,0xf1,0xff,0xff,0x48,0x8d,0x0d,
    0xfc,0x14,0xff,0x01,0xba,0xbd,0x04,0x00,0x00,0x48,0x8d,0x35,0xc8,0x5f,0x05,0x01,
    0x48,0x8d,0x3d,0x91,0x68,0x05,0x01,0xe8,0xa4,0xd9,0x15,0x00,0x48,0x8b,0xbd,0x98,
    0xfb,0xff,0xff,0xe8,0x68,0x0f,0xea,0xfd,0x48,0x8b,0x45,0xc8,0x64,0x48,0x33,0x04,
    0x25,0x28,0x00,0x00,0x00,0x0f,0x85,0x13,0x01,0x00,0x00,0x48,0x8d,0x65,0xd8,0x5b,
    0x41,0x5c,0x41,0x5d,0x41,0x5e,0x41,0x5f,0x5d,0xc3,0x48,0x8d,0x3d,0xd9,0x44,0x0b,
    0x01,0xe8,0x1a,0xdf,0x86,0xfd,0x48,0x8d,0x0d,0xe3,0x19,0xff,0x01,0xba,0x18,0x04,
    0x00,0x00,0x48,0x8d,0x35,0x6f,0x5f,0x05,0x01,0x48,0x8d,0x3d,0x98,0x65,0x05,0x01,
    0xe8,0x4b,0xd9,0x15,0x00,0x48,0x8d,0x0d,0xc4,0x19,0xff,0x01,0xba,0xaa,0x03,0x00,
    0x00,0x48,0x8d,0x35,0x50,0x5f,0x05,0x01,0x48,0x8d,0x3d,0xc9,0x62,0x05,0x01,0xe8,
    0x2c,0xd9,0x15,0x00,0x48,0x8d,0x0d,0xa5,0x19,0xff,0x01,0xba,0xcd,0x03,0x00,0x00,
    0x48,0x8d,0x35,0x31,0x5f,0x05,0x01,0x48,0x8d,0x3d,0x42,0x64,0x05,0x01,0xe8,0x0d,
    0xd9,0x15,0x00,0x48,0x8d,0x0d,0x86,0x19,0xff,0x01,0xba,0xc4,0x03,0x00,0x00,0x48,
    0x8d,0x35,0x12,0x5f,0x05,0x01,0x48,0x8d,0x3d,0x63,0x63,0x05,0x01,0xe8,0xee,0xd8,
    0x15,0x00,0x48,0x8d,0x0d,0x67,0x19,0xff,0x01,0xba,0xc7,0x03,0x00,0x00,0x48,0x8d,
    0x35,0xf3,0x5e,0x05,0x01,0x48,0x8d,0x3d,0x9c,0x63,0x05,0x01,0xe8,0xcf,0xd8,0x15,
    0x00,0x48,0x8d,0x0d,0x48,0x19,0xff,0x01,0xba,0xda,0x03,0x00,0x00,0x48,0x8d,0x35,
    0xd4,0x5e,0x05,0x01,0x48,0x8d,0x3d,0x2d,0x64,0x05,0x01,0xe8,0xb0,0xd8,0x15,0x00,
    0x48,0x8d,0x0d,0xc9,0x16,0xff,0x01,0xba,0x59,0x04,0x00,0x00,0x48,0x8d,0x35,0xb5,
    0x5e,0x05,0x01,0x48,0x8d,0x3d,0xd6,0x66,0x05,0x01,0xe8,0x91,0xd8,0x15,0x00,0x48,
    0x8d,0x0d,0x6a,0x1d,0xff,0x01,0xba,0x4e,0x03,0x00,0x00,0x48,0x8d,0x35,0x96,0x5e,
    0x05,0x01,0x48,0x8d,0x3d,0xff,0x60,0x05,0x01,0xe8,0x72,0xd8,0x15,0x00,0xe8,0x6d,
    0xd8,0x86,0xfd,0xf3,0x0f,0x1e,0xfa,0x48,0x89,0xc3,0xe9,0x22,0xcb,0xa2,0xfd,0xf3,
    0x0f,0x1e,0xfa,0x48,0x89,0xc3,0xe9,0xc4,0xcb,0xa2,0xfd,0xf3,0x0f,0x1e,0xfa,0x48,
    0x89,0xc3,0xe9,0x78,0xcb,0xa2,0xfd,0xf3,0x0f,0x1e,0xfa,0x48,0x89,0xc3,0xe9,0xd2,
    0xcb,0xa2,0xfd,0xf3,0x0f,0x1e,0xfa,0x49,0x89,0xc4,0xe9,0x39,0xcb,0xa2,0xfd,0xf3,
    0x0f,0x1e,0xfa,0x48,0x89,0xc3,0xe9,0xcb,0xcb,0xa2,0xfd,0xf3,0x0f,0x1e,0xfa,0x48,
    0x89,0xc3,0xe9,0x6c,0xcb,0xa2,0xfd,0xf3,0x0f,0x1e,0xfa,0x48,0x89,0xc3,0xe9,0xd5,
    0xcb,0xa2,0xfd,0xf3,0x0f,0x1e,0xfa,0x48,0x89,0xc3,0xe9,0xd3,0xca,0xa2,0xfd,0xf3,
    0x0f,0x1e,0xfa,0x48,0x89,0xc3,0xe9,0x75,0xcb,0xa2,0xfd,0xf3,0x0f,0x1e,0xfa,0x48,
    0x89,0xc3,0xe9,0x29,0xcb,0xa2,0xfd,0xf3,0x0f,0x1e,0xfa,0x48,0x89,0xc3,0xe9,0xd1,
    0xca,0xa2,0xfd,0xf3,0x0f,0x1e,0xfa,0x48,0x89,0xc3,0xe9,0xf2,0xca,0xa2,0xfd,0xf3,
    0x0f,0x1e,0xfa,0x48,0x89,0xc3,0xe9,0xd8,0xca,0xa2,0xfd,0xf3,0x0f,0x1e,0xfa,0x49,
    0x89,0xc4,0xe9,0x1a,0xcb,0xa2,0xfd,0xf3,0x0f,0x1e,0xfa,0x48,0x89,0xc3,0xe9,0x86,
    0xcb,0xa2,0xfd,0xf3,0x0f,0x1e,0xfa,0xeb,0xda,
};
constexpr unsigned char kMapContext2[] = {
    0x55,0x31,0xd2,0x48,0x89,0xe5,0x41,0x57,0x41,0x56,0x41,0x55,0x41,0x54,0x53,0x48,
    0x83,0xec,0x18,0x4c,0x63,0x2e,0x4c,0x8b,0x47,0x08,0x4c,0x89,0xe8,0x49,0xf7,0xf0,
    0x48,0x8b,0x07,0x4c,0x8b,0x1c,0xd0,0x4c,0x8d,0x0c,0xd5,0x00,0x00,0x00,0x00,0x4d,
    0x85,0xdb,0x74,0x5c,0x49,0x8b,0x0b,0x4c,0x89,0xeb,0x49,0x89,0xd4,0x4c,0x8b,0x51,
    0x30,0xeb,0x24,0x0f,0x1f,0x44,0x00,0x00,0x48,0x8b,0x01,0x48,0x85,0xc0,0x74,0x40,
    0x4c,0x8b,0x50,0x30,0x49,0x89,0xcb,0x31,0xd2,0x48,0x89,0xc1,0x4c,0x89,0xd0,0x49,
    0xf7,0xf0,0x49,0x39,0xd4,0x75,0x29,0x4d,0x39,0xd5,0x75,0xdc,0x3b,0x59,0x08,0x75,
    0xd7,0x49,0x8b,0x03,0x48,0x85,0xc0,0x74,0x17,0x48,0x83,0xc4,0x18,0x48,0x83,0xc0,
    0x10,0x5b,0x41,0x5c,0x41,0x5d,0x41,0x5e,0x41,0x5f,0x5d,0xc3,0x0f,0x1f,0x40,0x00,
    0x48,0x89,0xfb,0xbf,0x38,0x00,0x00,0x00,0x49,0x89,0xf6,0x4c,0x89,0x4d,0xc8,0xe8,
    0x7c,0x52,0x87,0xfd,0x48,0x8b,0x53,0x18,0x48,0x8b,0x73,0x08,0x48,0x8d,0x7b,0x20,
    0x48,0xc7,0x00,0x00,0x00,0x00,0x00,0x49,0x89,0xc4,0x41,0x8b,0x06,0xb9,0x01,0x00,
    0x00,0x00,0x41,0xc7,0x44,0x24,0x10,0xff,0xff,0xff,0xff,0x4c,0x8b,0x7b,0x28,0x41,
    0x89,0x44,0x24,0x08,0x31,0xc0,0x66,0x41,0x89,0x44,0x24,0x14,0x49,0xc7,0x44,0x24,
    0x18,0x00,0x00,0x00,0x00,0x49,0xc7,0x44,0x24,0x20,0x00,0x00,0x00,0x00,0x49,0xc7,
    0x44,0x24,0x28,0x00,0x00,0x00,0x00,0xe8,0x34,0x58,0x87,0xfd,0x4c,0x8b,0x4d,0xc8,
    0x84,0xc0,0x49,0x89,0xd6,0x0f,0x84,0xed,0x00,0x00,0x00,0x48,0x83,0xfa,0x01,0x0f,
    0x84,0x2b,0x01,0x00,0x00,0x48,0x89,0xd7,0xe8,0x33,0xfe,0xff,0xff,0x49,0x89,0xc7,
    0x4c,0x8d,0x4b,0x30,0x48,0x8b,0x4b,0x10,0x48,0xc7,0x43,0x10,0x00,0x00,0x00,0x00,
    0x48,0x85,0xc9,0x74,0x63,0x31,0xff,0x4c,0x8d,0x43,0x10,0xeb,0x17,0x0f,0x1f,0x00,
    0x49,0x8b,0x12,0x48,0x89,0x11,0x48,0x8b,0x00,0x48,0x89,0x08,0x48,0x89,0xf1,0x48,
    0x85,0xf6,0x74,0x44,0x48,0x8b,0x41,0x30,0x31,0xd2,0x48,0x8b,0x31,0x49,0xf7,0xf6,
    0x49,0x8d,0x04,0xd7,0x4c,0x8b,0x10,0x4d,0x85,0xd2,0x75,0xd4,0x4c,0x8b,0x53,0x10,
    0x4c,0x89,0x11,0x48,0x89,0x4b,0x10,0x4c,0x89,0x00,0x48,0x83,0x39,0x00,0x0f,0x84,
    0xb4,0x00,0x00,0x00,0x49,0x89,0x0c,0xff,0x48,0x89,0xd7,0x48,0x89,0xf1,0x48,0x85,
    0xf6,0x75,0xc1,0x0f,0x1f,0x44,0x00,0x00,0x48,0x8b,0x3b,0x49,0x39,0xf9,0x74,0x05,
    0xe8,0x6b,0x51,0x87,0xfd,0x4c,0x89,0xe8,0x31,0xd2,0x4c,0x89,0x73,0x08,0x49,0xf7,
    0xf6,0x4c,0x89,0x3b,0x4d,0x89,0x6c,0x24,0x30,0x4c,0x8d,0x0c,0xd5,0x00,0x00,0x00,
    0x00,0x4d,0x01,0xf9,0x49,0x8b,0x01,0x48,0x85,0xc0,0x74,0x3f,0x48,0x8b,0x00,0x49,
    0x89,0x04,0x24,0x49,0x8b,0x01,0x4c,0x89,0x20,0x48,0x83,0x43,0x18,0x01,0x48,0x83,
    0xc4,0x18,0x49,0x8d,0x44,0x24,0x10,0x5b,0x41,0x5c,0x41,0x5d,0x41,0x5e,0x41,0x5f,
    0x5d,0xc3,0x66,0x0f,0x1f,0x44,0x00,0x00,0x4c,0x8b,0x3b,0x4d,0x89,0x6c,0x24,0x30,
    0x4d,0x01,0xf9,0x49,0x8b,0x01,0x48,0x85,0xc0,0x75,0xc1,0x48,0x8b,0x43,0x10,0x4c,
    0x89,0x63,0x10,0x49,0x89,0x04,0x24,0x48,0x85,0xc0,0x74,0x0e,0x48,0x8b,0x40,0x30,
    0x31,0xd2,0x48,0xf7,0x73,0x08,0x4d,0x89,0x24,0xd7,0x48,0x8d,0x43,0x10,0x49,0x89,
    0x01,0xeb,0xa6,0x0f,0x1f,0x44,0x00,0x00,0x48,0x89,0xd7,0xe9,0x0c,0xff,0xff,0xff,
    0x4c,0x8d,0x7b,0x30,0x48,0xc7,0x43,0x30,0x00,0x00,0x00,0x00,0x4d,0x89,0xf9,0xe9,
    0xd0,0xfe,0xff,0xff,0xf3,0x0f,0x1e,0xfa,0xe9,0xaf,0x39,0xa3,0xfd,
};
constexpr unsigned char kMapContext3[] = {
    0x48,0x85,0xff,0x0f,0x84,0xbf,0x05,0x00,0x00,0x55,0x48,0x89,0xe5,0x41,0x55,0x41,
    0x54,0x53,0x48,0x89,0xfb,0x48,0x83,0xec,0x08,0x4c,0x8b,0xa7,0x38,0x04,0x00,0x00,
    0x4d,0x85,0xe4,0x74,0x26,0x0f,0x1f,0x00,0x49,0x8b,0x7c,0x24,0x10,0x4d,0x8b,0x2c,
    0x24,0x48,0x85,0xff,0x74,0x05,0xe8,0xd5,0x48,0x87,0xfd,0x4c,0x89,0xe7,0x4d,0x89,
    0xec,0xe8,0xca,0x48,0x87,0xfd,0x4d,0x85,0xed,0x75,0xdd,0x48,0x8b,0x83,0x30,0x04,
    0x00,0x00,0x48,0x8b,0xbb,0x28,0x04,0x00,0x00,0x31,0xf6,0x48,0x8d,0x14,0xc5,0x00,
    0x00,0x00,0x00,0xe8,0x48,0x4a,0x87,0xfd,0x48,0x8b,0xbb,0x28,0x04,0x00,0x00,0x48,
    0x8d,0x83,0x58,0x04,0x00,0x00,0x48,0xc7,0x83,0x40,0x04,0x00,0x00,0x00,0x00,0x00,
    0x00,0x48,0xc7,0x83,0x38,0x04,0x00,0x00,0x00,0x00,0x00,0x00,0x48,0x39,0xc7,0x74,
    0x05,0xe8,0x7a,0x48,0x87,0xfd,0x48,0x8b,0xbb,0x00,0x04,0x00,0x00,0x48,0x85,0xff,
    0x74,0x16,0x66,0x0f,0x1f,0x44,0x00,0x00,0x4c,0x8b,0x27,0xe8,0x60,0x48,0x87,0xfd,
    0x4c,0x89,0xe7,0x4d,0x85,0xe4,0x75,0xf0,0x48,0x8b,0x83,0xf8,0x03,0x00,0x00,0x48,
    0x8b,0xbb,0xf0,0x03,0x00,0x00,0x31,0xf6,0x48,0x8d,0x14,0xc5,0x00,0x00,0x00,0x00,
    0xe8,0xdb,0x49,0x87,0xfd,0x48,0x8b,0xbb,0xf0,0x03,0x00,0x00,0x48,0x8d,0x83,0x20,
    0x04,0x00,0x00,0x48,0xc7,0x83,0x08,0x04,0x00,0x00,0x00,0x00,0x00,0x00,0x48,0xc7,
    0x83,0x00,0x04,0x00,0x00,0x00,0x00,0x00,0x00,0x48,0x39,0xc7,0x74,0x05,0xe8,0x0d,
    0x48,0x87,0xfd,0x48,0x8b,0xbb,0xc8,0x03,0x00,0x00,0x48,0x85,0xff,0x74,0x11,0x90,
    0x4c,0x8b,0x27,0xe8,0xf8,0x47,0x87,0xfd,0x4c,0x89,0xe7,0x4d,0x85,0xe4,0x75,0xf0,
    0x48,0x8b,0x83,0xc0,0x03,0x00,0x00,0x48,0x8b,0xbb,0xb8,0x03,0x00,0x00,0x31,0xf6,
    0x48,0x8d,0x14,0xc5,0x00,0x00,0x00,0x00,0xe8,0x73,0x49,0x87,0xfd,0x48,0x8b,0xbb,
    0xb8,0x03,0x00,0x00,0x48,0x8d,0x83,0xe8,0x03,0x00,0x00,0x48,0xc7,0x83,0xd0,0x03,
    0x00,0x00,0x00,0x00,0x00,0x00,0x48,0xc7,0x83,0xc8,0x03,0x00,0x00,0x00,0x00,0x00,
    0x00,0x48,0x39,0xc7,0x74,0x05,0xe8,0xa5,0x47,0x87,0xfd,0x48,0x8b,0xbb,0x90,0x03,
    0x00,0x00,0x48,0x85,0xff,0x74,0x19,0x66,0x0f,0x1f,0x84,0x00,0x00,0x00,0x00,0x00,
    0x4c,0x8b,0x27,0xe8,0x98,0xf3,0xff,0xff,0x4c,0x89,0xe7,0x4d,0x85,0xe4,0x75,0xf0,
    0x48,0x8b,0x83,0x88,0x03,0x00,0x00,0x48,0x8b,0xbb,0x80,0x03,0x00,0x00,0x31,0xf6,
    0x48,0x8d,0x14,0xc5,0x00,0x00,0x00,0x00,0xe8,0x03,0x49,0x87,0xfd,0x48,0x8b,0xbb,
    0x80,0x03,0x00,0x00,0x48,0x8d,0x83,0xb0,0x03,0x00,0x00,0x48,0xc7,0x83,0x98,0x03,
    0x00,0x00,0x00,0x00,0x00,0x00,0x48,0xc7,0x83,0x90,0x03,0x00,0x00,0x00,0x00,0x00,
    0x00,0x48,0x39,0xc7,0x74,0x05,0xe8,0x35,0x47,0x87,0xfd,0x48,0x8b,0xbb,0x58,0x03,
    0x00,0x00,0x48,0x85,0xff,0x74,0x19,0x66,0x0f,0x1f,0x84,0x00,0x00,0x00,0x00,0x00,
    0x4c,0x8b,0x27,0xe8,0xf8,0xf2,0xff,0xff,0x4c,0x89,0xe7,0x4d,0x85,0xe4,0x75,0xf0,
    0x48,0x8b,0x83,0x50,0x03,0x00,0x00,0x48,0x8b,0xbb,0x48,0x03,0x00,0x00,0x31,0xf6,
    0x48,0x8d,0x14,0xc5,0x00,0x00,0x00,0x00,0xe8,0x93,0x48,0x87,0xfd,0x48,0x8b,0xbb,
    0x48,0x03,0x00,0x00,0x48,0x8d,0x83,0x78,0x03,0x00,0x00,0x48,0xc7,0x83,0x60,0x03,
    0x00,0x00,0x00,0x00,0x00,0x00,0x48,0xc7,0x83,0x58,0x03,0x00,0x00,0x00,0x00,0x00,
    0x00,0x48,0x39,0xc7,0x74,0x05,0xe8,0xc5,0x46,0x87,0xfd,0x48,0x8b,0xbb,0x20,0x03,
    0x00,0x00,0x48,0x85,0xff,0x74,0x19,0x66,0x0f,0x1f,0x84,0x00,0x00,0x00,0x00,0x00,
    0x4c,0x8b,0x27,0xe8,0xa8,0x46,0x87,0xfd,0x4c,0x89,0xe7,0x4d,0x85,0xe4,0x75,0xf0,
    0x48,0x8b,0x83,0x18,0x03,0x00,0x00,0x48,0x8b,0xbb,0x10,0x03,0x00,0x00,0x31,0xf6,
    0x48,0x8d,0x14,0xc5,0x00,0x00,0x00,0x00,0xe8,0x23,0x48,0x87,0xfd,0x48,0x8b,0xbb,
    0x10,0x03,0x00,0x00,0x48,0x8d,0x83,0x40,0x03,0x00,0x00,0x48,0xc7,0x83,0x28,0x03,
    0x00,0x00,0x00,0x00,0x00,0x00,0x48,0xc7,0x83,0x20,0x03,0x00,0x00,0x00,0x00,0x00,
    0x00,0x48,0x39,0xc7,0x74,0x05,0xe8,0x55,0x46,0x87,0xfd,0x4c,0x8b,0xa3,0xe8,0x02,
    0x00,0x00,0x4d,0x85,0xe4,0x74,0x7d,0x66,0x0f,0x1f,0x84,0x00,0x00,0x00,0x00,0x00,
    0x49,0x8b,0xbc,0x24,0xc0,0x00,0x00,0x00,0x4d,0x8b,0x2c,0x24,0x48,0x85,0xff,0x74,
    0x05,0xe8,0x2a,0x46,0x87,0xfd,0x49,0x8b,0xbc,0x24,0x88,0x00,0x00,0x00,0x48,0x85,
    0xff,0x74,0x05,0xe8,0x18,0x46,0x87,0xfd,0x49,0x8b,0x7c,0x24,0x70,0x48,0x85,0xff,
    0x74,0x05,0xe8,0x09,0x46,0x87,0xfd,0x49,0x8b,0x7c,0x24,0x58,0x48,0x85,0xff,0x74,
    0x05,0xe8,0xfa,0x45,0x87,0xfd,0x49,0x8b,0x7c,0x24,0x28,0x48,0x85,0xff,0x74,0x05,
    0xe8,0xeb,0x45,0x87,0xfd,0x49,0x8b,0x7c,0x24,0x10,0x48,0x85,0xff,0x74,0x05,0xe8,
    0xdc,0x45,0x87,0xfd,0x4c,0x89,0xe7,0x4d,0x89,0xec,0xe8,0xd1,0x45,0x87,0xfd,0x4d,
    0x85,0xed,0x75,0x8c,0x48,0x8b,0x83,0xe0,0x02,0x00,0x00,0x48,0x8b,0xbb,0xd8,0x02,
    0x00,0x00,0x31,0xf6,0x48,0x8d,0x14,0xc5,0x00,0x00,0x00,0x00,0xe8,0x4f,0x47,0x87,
    0xfd,0x48,0x8b,0xbb,0xd8,0x02,0x00,0x00,0x48,0x8d,0x83,0x08,0x03,0x00,0x00,0x48,
    0xc7,0x83,0xf0,0x02,0x00,0x00,0x00,0x00,0x00,0x00,0x48,0xc7,0x83,0xe8,0x02,0x00,
    0x00,0x00,0x00,0x00,0x00,0x48,0x39,0xc7,0x74,0x05,0xe8,0x81,0x45,0x87,0xfd,0x48,
    0x8b,0xbb,0xb0,0x02,0x00,0x00,0x48,0x85,0xff,0x74,0x15,0x0f,0x1f,0x44,0x00,0x00,
    0x4c,0x8b,0x27,0xe8,0x68,0x45,0x87,0xfd,0x4c,0x89,0xe7,0x4d,0x85,0xe4,0x75,0xf0,
    0x48,0x8b,0x83,0xa8,0x02,0x00,0x00,0x48,0x8b,0xbb,0xa0,0x02,0x00,0x00,0x31,0xf6,
    0x48,0x8d,0x14,0xc5,0x00,0x00,0x00,0x00,0xe8,0xe3,0x46,0x87,0xfd,0x48,0x8b,0xbb,
    0xa0,0x02,0x00,0x00,0x48,0x8d,0x83,0xd0,0x02,0x00,0x00,0x48,0xc7,0x83,0xb8,0x02,
    0x00,0x00,0x00,0x00,0x00,0x00,0x48,0xc7,0x83,0xb0,0x02,0x00,0x00,0x00,0x00,0x00,
    0x00,0x48,0x39,0xc7,0x74,0x05,0xe8,0x15,0x45,0x87,0xfd,0x48,0x8b,0xbb,0x78,0x02,
    0x00,0x00,0x48,0x85,0xff,0x74,0x19,0x66,0x0f,0x1f,0x84,0x00,0x00,0x00,0x00,0x00,
    0x4c,0x8b,0x27,0xe8,0xf8,0x44,0x87,0xfd,0x4c,0x89,0xe7,0x4d,0x85,0xe4,0x75,0xf0,
    0x48,0x8b,0x83,0x70,0x02,0x00,0x00,0x48,0x8b,0xbb,0x68,0x02,0x00,0x00,0x31,0xf6,
    0x48,0x8d,0x14,0xc5,0x00,0x00,0x00,0x00,0xe8,0x73,0x46,0x87,0xfd,0x48,0x8b,0xbb,
    0x68,0x02,0x00,0x00,0x48,0x8d,0x83,0x98,0x02,0x00,0x00,0x48,0xc7,0x83,0x80,0x02,
    0x00,0x00,0x00,0x00,0x00,0x00,0x48,0xc7,0x83,0x78,0x02,0x00,0x00,0x00,0x00,0x00,
    0x00,0x48,0x39,0xc7,0x74,0x05,0xe8,0xa5,0x44,0x87,0xfd,0x48,0x8b,0xbb,0x40,0x02,
    0x00,0x00,0x48,0x85,0xff,0x74,0x19,0x66,0x0f,0x1f,0x84,0x00,0x00,0x00,0x00,0x00,
    0x4c,0x8b,0x27,0xe8,0x88,0x44,0x87,0xfd,0x4c,0x89,0xe7,0x4d,0x85,0xe4,0x75,0xf0,
    0x48,0x8b,0x83,0x38,0x02,0x00,0x00,0x48,0x8b,0xbb,0x30,0x02,0x00,0x00,0x31,0xf6,
    0x48,0x8d,0x14,0xc5,0x00,0x00,0x00,0x00,0xe8,0x03,0x46,0x87,0xfd,0x48,0x8b,0xbb,
    0x30,0x02,0x00,0x00,0x48,0x8d,0x83,0x60,0x02,0x00,0x00,0x48,0xc7,0x83,0x48,0x02,
    0x00,0x00,0x00,0x00,0x00,0x00,0x48,0xc7,0x83,0x40,0x02,0x00,0x00,0x00,0x00,0x00,
    0x00,0x48,0x39,0xc7,0x74,0x05,0xe8,0x35,0x44,0x87,0xfd,0x48,0x8b,0xbb,0x08,0x02,
    0x00,0x00,0x48,0x85,0xff,0x74,0x19,0x66,0x0f,0x1f,0x84,0x00,0x00,0x00,0x00,0x00,
    0x4c,0x8b,0x27,0xe8,0x18,0x44,0x87,0xfd,0x4c,0x89,0xe7,0x4d,0x85,0xe4,0x75,0xf0,
    0x48,0x8b,0x83,0x00,0x02,0x00,0x00,0x48,0x8b,0xbb,0xf8,0x01,0x00,0x00,0x31,0xf6,
    0x48,0x8d,0x14,0xc5,0x00,0x00,0x00,0x00,0xe8,0x93,0x45,0x87,0xfd,0x48,0x8b,0xbb,
    0xf8,0x01,0x00,0x00,0x48,0x8d,0x83,0x28,0x02,0x00,0x00,0x48,0xc7,0x83,0x10,0x02,
    0x00,0x00,0x00,0x00,0x00,0x00,0x48,0xc7,0x83,0x08,0x02,0x00,0x00,0x00,0x00,0x00,
    0x00,0x48,0x39,0xc7,0x74,0x05,0xe8,0xc5,0x43,0x87,0xfd,0x48,0x8d,0xbb,0xc0,0x01,
    0x00,0x00,0xe8,0x19,0xee,0xff,0xff,0x48,0x8d,0xbb,0x88,0x01,0x00,0x00,0xe8,0x0d,
    0xee,0xff,0xff,0x48,0x8d,0xbb,0x50,0x01,0x00,0x00,0xe8,0x01,0xee,0xff,0xff,0x48,
    0x8d,0xbb,0x18,0x01,0x00,0x00,0xe8,0xf5,0xed,0xff,0xff,0x48,0x8d,0xbb,0xe0,0x00,
    0x00,0x00,0xe8,0x19,0xf6,0xff,0xff,0x48,0x8d,0xbb,0xa8,0x00,0x00,0x00,0xe8,0x0d,
    0xf6,0xff,0xff,0x48,0x8d,0x7b,0x70,0xe8,0x04,0xf6,0xff,0xff,0x48,0x8d,0x7b,0x38,
    0xe8,0xfb,0xf5,0xff,0xff,0x48,0x89,0xdf,0xe8,0xf3,0xf5,0xff,0xff,0x48,0x83,0xc4,
    0x08,0x48,0x89,0xdf,0xbe,0x60,0x04,0x00,0x00,0x5b,0x41,0x5c,0x41,0x5d,0x5d,0xe9,
    0x5c,0x45,0x87,0xfd,0x0f,0x1f,0x40,0x00,0xc3,
};
constexpr unsigned char kMapContext4[] = {
    0xf3,0x0f,0x1e,0xfa,0x55,0x48,0x89,0xe5,0x41,0x57,0x41,0x56,0x41,0x55,0x41,0x54,
    0x53,0x48,0x89,0xfb,0x48,0x81,0xec,0x08,0x0c,0x00,0x00,0x48,0x89,0xbd,0x28,0xf4,
    0xff,0xff,0x64,0x48,0x8b,0x04,0x25,0x28,0x00,0x00,0x00,0x48,0x89,0x45,0xc8,0x31,
    0xc0,0xe8,0x5a,0xe5,0x86,0xfd,0x85,0xc0,0x0f,0x8f,0x12,0x17,0x00,0x00,0x48,0x8b,
    0x85,0x28,0xf4,0xff,0xff,0x48,0x83,0xb8,0x30,0x01,0x00,0x00,0x00,0x0f,0x84,0x85,
    0x19,0x00,0x00,0x48,0x8b,0x9d,0x28,0xf4,0xff,0xff,0x48,0x8d,0xbd,0x60,0xf4,0xff,
    0xff,0x48,0x89,0xbd,0xf8,0xf3,0xff,0xff,0x48,0x8b,0x73,0x28,0x48,0x8d,0x93,0xf0,
    0x00,0x00,0x00,0xe8,0x68,0x79,0x01,0x00,0x48,0x8b,0x83,0x28,0x01,0x00,0x00,0x48,
    0x8d,0x9d,0xf0,0xf4,0xff,0xff,0x48,0xc7,0x85,0xf8,0xf4,0xff,0xff,0x01,0x00,0x00,
    0x00,0x48,0x8d,0x7b,0x20,0x48,0x89,0x9d,0x38,0xf4,0xff,0xff,0x48,0xc7,0x85,0x00,
    0xf5,0xff,0xff,0x00,0x00,0x00,0x00,0x48,0x8b,0x70,0x18,0x48,0x8d,0x43,0x30,0x48,
    0x89,0x85,0xf0,0xf4,0xff,0xff,0x48,0xc7,0x85,0x08,0xf5,0xff,0xff,0x00,0x00,0x00,
    0x00,0xc7,0x85,0x10,0xf5,0xff,0xff,0x00,0x00,0x80,0x3f,0x48,0xc7,0x85,0x18,0xf5,
    0xff,0xff,0x00,0x00,0x00,0x00,0x48,0xc7,0x85,0x20,0xf5,0xff,0xff,0x00,0x00,0x00,
    0x00,0xe8,0xea,0xe7,0x86,0xfd,0x48,0x89,0xc3,0x48,0x3b,0x85,0xf8,0xf4,0xff,0xff,
    0x0f,0x87,0x8a,0x12,0x00,0x00,0x48,0x8b,0x85,0x28,0xf4,0xff,0xff,0x48,0x8b,0x80,
    0x28,0x01,0x00,0x00,0x48,0x8b,0x58,0x10,0x48,0x85,0xdb,0x0f,0x84,0x07,0x03,0x00,
    0x00,0x48,0x63,0x43,0x0c,0x85,0xc0,0x0f,0x88,0x9d,0x16,0x00,0x00,0x48,0x8b,0x8d,
    0x28,0xf4,0xff,0xff,0x48,0x8b,0x91,0x30,0x01,0x00,0x00,0x48,0x8b,0x0a,0x48,0x8b,
    0x52,0x08,0x48,0x29,0xca,0x48,0xc1,0xfa,0x02,0x39,0xd0,0x0f,0x8d,0x79,0x16,0x00,
    0x00,0x48,0x8d,0xb5,0x30,0xf5,0xff,0xff,0x48,0x89,0xb5,0x20,0xf4,0xff,0xff,0x48,
    0x8d,0xb5,0xc0,0xf4,0xff,0xff,0x48,0x89,0xb5,0x30,0xf4,0xff,0xff,0x48,0x8b,0xb5,
    0x38,0xf4,0xff,0xff,0x48,0x8d,0x7e,0x20,0x48,0x89,0xbd,0x18,0xf4,0xff,0xff,0x48,
    0x8d,0x7e,0x10,0x48,0x83,0xc6,0x30,0x48,0x89,0xbd,0x08,0xf4,0xff,0xff,0x48,0x89,
    0xb5,0x00,0xf4,0xff,0xff,0xeb,0x5f,0x66,0x0f,0x1f,0x84,0x00,0x00,0x00,0x00,0x00,
    0x48,0x8b,0x00,0x4c,0x8d,0x60,0x0c,0x48,0x85,0xc0,0x0f,0x84,0xb5,0x00,0x00,0x00,
    0x8b,0x85,0xc0,0xf4,0xff,0xff,0x41,0x89,0x04,0x24,0x48,0x8b,0x1b,0x48,0x85,0xdb,
    0x0f,0x84,0x62,0x02,0x00,0x00,0x48,0x63,0x43,0x0c,0x85,0xc0,0x0f,0x88,0xf8,0x15,
    0x00,0x00,0x48,0x8b,0x8d,0x28,0xf4,0xff,0xff,0x48,0x8b,0x91,0x30,0x01,0x00,0x00,
    0x48,0x8b,0x0a,0x48,0x8b,0x52,0x08,0x48,0x29,0xca,0x48,0xc1,0xfa,0x02,0x39,0xd0,
    0x0f,0x8d,0xd4,0x15,0x00,0x00,0x8b,0x04,0x81,0x48,0x8b,0x95,0x20,0xf4,0xff,0xff,
    0x48,0x8b,0xb5,0x30,0xf4,0xff,0xff,0x89,0x85,0xc0,0xf4,0xff,0xff,0x48,0x8b,0x85,
    0x28,0xf4,0xff,0xff,0x48,0x8b,0x78,0x28,0x48,0x8d,0x05,0xc9,0x50,0xb9,0x02,0x48,
    0x89,0x85,0x30,0xf5,0xff,0xff,0xe8,0x55,0x12,0x3e,0x00,0x84,0xc0,0x0f,0x84,0xd5,
    0x15,0x00,0x00,0x4c,0x63,0x6b,0x08,0x31,0xd2,0x48,0x8b,0xbd,0x38,0xf4,0xff,0xff,
    0x4c,0x89,0xe8,0x4c,0x89,0xe9,0x48,0xf7,0xb5,0xf8,0xf4,0xff,0xff,0x49,0x89,0xd7,
    0x48,0x8d,0x53,0x08,0x4c,0x89,0xfe,0xe8,0x34,0xf2,0x67,0xfe,0x48,0x85,0xc0,0x0f,
    0x85,0x3b,0xff,0xff,0xff,0xbf,0x18,0x00,0x00,0x00,0xe8,0xc1,0xd9,0x86,0xfd,0x49,
    0x89,0xc4,0x48,0xc7,0x00,0x00,0x00,0x00,0x00,0x8b,0x43,0x08,0xb9,0x01,0x00,0x00,
    0x00,0x41,0xc7,0x44,0x24,0x0c,0xff,0xff,0xff,0xff,0x48,0x8b,0x95,0x08,0xf5,0xff,
    0xff,0x41,0x89,0x44,0x24,0x08,0x48,0x8b,0xb5,0xf8,0xf4,0xff,0xff,0x48,0x8b,0x85,
    0x18,0xf5,0xff,0xff,0x48,0x8b,0xbd,0x18,0xf4,0xff,0xff,0x48,0x89,0x85,0x10,0xf4,
    0xff,0xff,0xe8,0x89,0xdf,0x86,0xfd,0x49,0x89,0xd6,0x84,0xc0,0x0f,0x84,0x0e,0x01,
    0x00,0x00,0x48,0x83,0xfa,0x01,0x0f,0x84,0x74,0x14,0x00,0x00,0x48,0x89,0xd7,0xe8,
    0x8c,0x85,0xff,0xff,0x49,0x89,0xc0,0x48,0x8b,0x8d,0x00,0xf5,0xff,0xff,0x48,0xc7,
    0x85,0x00,0xf5,0xff,0xff,0x00,0x00,0x00,0x00,0x48,0x85,0xc9,0x74,0x72,0x45,0x31,
    0xc9,0x4c,0x8b,0x95,0x08,0xf4,0xff,0xff,0xeb,0x1a,0x66,0x0f,0x1f,0x44,0x00,0x00,
    0x48,0x8b,0x16,0x48,0x89,0x11,0x48,0x8b,0x00,0x48,0x89,0x08,0x48,0x89,0xf9,0x48,
    0x85,0xff,0x74,0x4c,0x48,0x8b,0x41,0x10,0x31,0xd2,0x48,0x8b,0x39,0x49,0xf7,0xf6,
    0x49,0x8d,0x04,0xd0,0x48,0x8b,0x30,0x48,0x85,0xf6,0x75,0xd4,0x48,0x8b,0xb5,0x00,
    0xf5,0xff,0xff,0x48,0x89,0x31,0x48,0x89,0x8d,0x00,0xf5,0xff,0xff,0x4c,0x89,0x10,
    0x48,0x83,0x39,0x00,0x0f,0x84,0x96,0x00,0x00,0x00,0x4b,0x89,0x0c,0xc8,0x49,0x89,
    0xd1,0x48,0x89,0xf9,0x48,0x85,0xff,0x75,0xbb,0x0f,0x1f,0x80,0x00,0x00,0x00,0x00,
    0x48,0x8b,0xbd,0xf0,0xf4,0xff,0xff,0x48,0x3b,0xbd,0x00,0xf4,0xff,0xff,0x74,0x13,
    0x4c,0x89,0x85,0x10,0xf4,0xff,0xff,0xe8,0xa4,0xd8,0x86,0xfd,0x4c,0x8b,0x85,0x10,
    0xf4,0xff,0xff,0x4c,0x89,0xe8,0x31,0xd2,0x4c,0x89,0xb5,0xf8,0xf4,0xff,0xff,0x49,
    0xf7,0xf6,0x4c,0x89,0x85,0xf0,0xf4,0xff,0xff,0x49,0x89,0xd7,0x4b,0x8d,0x0c,0xf8,
    0x4d,0x89,0x6c,0x24,0x10,0x48,0x8b,0x01,0x48,0x85,0xc0,0x74,0x43,0x48,0x8b,0x00,
    0x49,0x89,0x04,0x24,0x48,0x8b,0x01,0x4c,0x89,0x20,0x48,0x83,0x85,0x08,0xf5,0xff,
    0xff,0x01,0x49,0x83,0xc4,0x0c,0xe9,0xe5,0xfd,0xff,0xff,0x0f,0x1f,0x44,0x00,0x00,
    0x4c,0x8b,0x85,0xf0,0xf4,0xff,0xff,0xeb,0xc3,0x0f,0x1f,0x80,0x00,0x00,0x00,0x00,
    0x49,0x89,0xd1,0xe9,0x24,0xff,0xff,0xff,0x0f,0x1f,0x84,0x00,0x00,0x00,0x00,0x00,
    0x48,0x8b,0x85,0x00,0xf5,0xff,0xff,0x4c,0x89,0xa5,0x00,0xf5,0xff,0xff,0x49,0x89,
    0x04,0x24,0x48,0x85,0xc0,0x74,0x11,0x48,0x8b,0x40,0x10,0x31,0xd2,0x48,0xf7,0xb5,
    0xf8,0xf4,0xff,0xff,0x4d,0x89,0x24,0xd0,0x48,0x8b,0x85,0x08,0xf4,0xff,0xff,0x48,
    0x89,0x01,0xeb,0x96,0x0f,0x1f,0x40,0x00,0x48,0x8b,0x85,0x28,0xf4,0xff,0xff,0x48,
    0x8b,0x80,0x30,0x01,0x00,0x00,0x48,0x8b,0x18,0x4c,0x8b,0x68,0x08,0x4c,0x39,0xeb,
    0x0f,0x84,0x1a,0x01,0x00,0x00,0x48,0x8d,0x85,0x30,0xf5,0xff,0xff,0x4c,0x8d,0x3d,
    0xb4,0x4e,0xb9,0x02,0x48,0x89,0x85,0x20,0xf4,0xff,0xff,0xeb,0x69,0x0f,0x1f,0x00,
    0x2d,0x00,0x00,0x00,0x40,0x89,0xc2,0x83,0xe0,0x1f,0xc1,0xfa,0x05,0x48,0x63,0xd2,
    0x48,0xc1,0xe2,0x04,0x48,0x03,0x91,0xd0,0x00,0x00,0x00,0x48,0x8d,0x0c,0xc0,0x48,
    0x8b,0x02,0x48,0x8d,0x04,0xc8,0x48,0x85,0xc0,0x74,0x2e,0x48,0x8b,0x70,0x18,0x48,
    0x39,0x70,0x20,0x74,0x24,0x48,0x8b,0xb5,0x68,0xf4,0xff,0xff,0x48,0x3b,0xb5,0x70,
    0xf4,0xff,0xff,0x0f,0x84,0xcf,0x12,0x00,0x00,0x8b,0x03,0x48,0x83,0xc6,0x04,0x89,
    0x46,0xfc,0x48,0x89,0xb5,0x68,0xf4,0xff,0xff,0x48,0x83,0xc3,0x04,0x49,0x39,0xdd,
    0x0f,0x84,0x9a,0x00,0x00,0x00,0x48,0x8b,0x85,0x28,0xf4,0xff,0xff,0x48,0x8b,0xb5,
    0x20,0xf4,0xff,0xff,0x4c,0x89,0xbd,0x30,0xf5,0xff,0xff,0x4c,0x8b,0x60,0x28,0x49,
    0x8d,0x7c,0x24,0x48,0xe8,0xb7,0x57,0xb7,0xfd,0x48,0x85,0xc0,0x74,0xcb,0x8b,0x48,
    0x10,0x83,0xe9,0x01,0x78,0xc3,0x4c,0x63,0xf1,0x48,0x63,0x03,0xbe,0x01,0x00,0x00,
    0x00,0x4c,0x89,0xf2,0x48,0xd3,0xe6,0x48,0xc1,0xe0,0x04,0x48,0xc1,0xea,0x06,0x49,
    0x03,0x84,0x24,0xc8,0x00,0x00,0x00,0x48,0x85,0x34,0xd0,0x74,0x9c,0x89,0xca,0x48,
    0x89,0xde,0x4c,0x89,0xe7,0xe8,0xb6,0x6f,0xb7,0xfd,0x49,0x8b,0x94,0x24,0x80,0x00,
    0x00,0x00,0x4a,0x8b,0x0c,0xf2,0x3d,0xff,0xff,0xff,0x3f,0x0f,0x8f,0x1f,0xff,0xff,
    0xff,0x48,0x98,0x48,0x8d,0x14,0xc0,0x48,0x8b,0x81,0xb8,0x00,0x00,0x00,0x48,0x8d,
    0x04,0xd0,0xe9,0x2f,0xff,0xff,0xff,0x66,0x0f,0x1f,0x84,0x00,0x00,0x00,0x00,0x00,
    0x4c,0x8d,0xa5,0x00,0xf6,0xff,0xff,0xb8,0x71,0x15,0x00,0x00,0xbe,0x01,0x00,0x00,
    0x00,0xc7,0x85,0x00,0xf6,0xff,0xff,0x71,0x15,0x00,0x00,0x49,0x8d,0x4c,0x24,0x04,
    0x89,0xc2,0x48,0x89,0xcf,0xeb,0x0d,0x66,0x0f,0x1f,0x84,0x00,0x00,0x00,0x00,0x00,
    0x48,0x83,0xc7,0x04,0x89,0xd0,0xc1,0xe8,0x1e,0x31,0xd0,0x69,0xc0,0x65,0x89,0x07,
    0x6c,0x8d,0x14,0x30,0x48,0x83,0xc6,0x01,0x89,0x17,0x48,0x81,0xfe,0x70,0x02,0x00,
    0x00,0x75,0xdd,0x8b,0x85,0x30,0xfc,0xff,0xff,0x33,0x45,0xbc,0x48,0xc7,0x45,0xc0,
    0x70,0x02,0x00,0x00,0x8d,0x14,0x00,0x89,0xd6,0x81,0xf6,0xbf,0x61,0x11,0x32,0x85,
    0xc0,0x8b,0x85,0x00,0xf6,0xff,0xff,0x0f,0x48,0xd6,0x25,0x00,0x00,0x00,0x80,0x81,
    0xe2,0xff,0xff,0xff,0x7f,0x09,0xd0,0x49,0x8d,0x94,0x24,0xc0,0x09,0x00,0x00,0x89,
    0x85,0x00,0xf6,0xff,0xff,0xeb,0x18,0x66,0x0f,0x1f,0x84,0x00,0x00,0x00,0x00,0x00,
    0x48,0x39,0xca,0x0f,0x84,0x97,0x11,0x00,0x00,0x8b,0x01,0x48,0x83,0xc1,0x04,0x85,
    0xc0,0x74,0xed,0x48,0x8b,0x85,0x28,0xf4,0xff,0xff,0x48,0x8b,0x70,0x70,0x4c,0x8b,
    0xa8,0x20,0x01,0x00,0x00,0x48,0x89,0xc7,0x48,0x8d,0x98,0x08,0x01,0x00,0x00,0x48,
    0x8b,0x48,0x40,0x48,0x83,0xc7,0x78,0x4c,0x8b,0x70,0x50,0x48,0x89,0x9d,0x30,0xf4,
    0xff,0xff,0x48,0x83,0xc6,0x40,0x4d,0x8d,0xbd,0xf8,0x01,0x00,0x00,0x48,0x8b,0x58,
    0x48,0x48,0x89,0x85,0x28,0xf4,0xff,0xff,0x48,0x89,0x8d,0x20,0xf4,0xff,0xff,0x48,
    0x89,0xb5,0x18,0xf4,0xff,0xff,0xe8,0x55,0xd8,0xfe,0xff,0x48,0x8b,0xbd,0x28,0xf4,
    0xff,0xff,0x4c,0x8b,0x8d,0x20,0xf4,0xff,0xff,0x48,0x89,0xc1,0x4c,0x8b,0x85,0x18,
    0xf4,0xff,0xff,0x48,0x8b,0x57,0x28,0x48,0x8b,0x77,0x08,0x41,0x54,0x41,0x57,0x41,
    0x55,0xff,0xb5,0x30,0xf4,0xff,0xff,0xff,0xb5,0xf8,0xf3,0xff,0xff,0xff,0xb5,0x38,
    0xf4,0xff,0xff,0x41,0x56,0x53,0x48,0x89,0xfb,0x48,0x8b,0x3f,0xe8,0xaf,0xc9,0xff,
    0xff,0x48,0x89,0xd8,0x48,0x8b,0x9b,0x20,0x01,0x00,0x00,0x48,0x83,0xc4,0x40,0x4c,
    0x8b,0x70,0x28,0x48,0x89,0x9d,0x18,0xf4,0xff,0xff,0x48,0x8b,0x58,0x68,0x49,0x8d,
    0x7e,0x48,0x48,0x89,0x9d,0xf8,0xf3,0xff,0xff,0x48,0x8b,0x58,0x60,0x48,0x8b,0x00,
    0x48,0x89,0xbd,0xe0,0xf3,0xff,0xff,0x48,0x89,0x9d,0xe8,0xf3,0xff,0xff,0x48,0x89,
    0x85,0xd8,0xf3,0xff,0xff,0x48,0x8d,0x05,0xcc,0x33,0xb9,0x02,0x48,0x89,0x85,0x30,
    0xf5,0xff,0xff,0x48,0x8d,0x85,0x30,0xf5,0xff,0xff,0x48,0x89,0xc6,0x48,0x89,0x85,
    0x20,0xf4,0xff,0xff,0xe8,0x87,0x55,0xb7,0xfd,0xc7,0x85,0x30,0xf4,0xff,0xff,0xff,
    0xff,0xff,0xff,0x48,0x85,0xc0,0x74,0x0c,0x8b,0x40,0x10,0x83,0xe8,0x01,0x89,0x85,
    0x30,0xf4,0xff,0xff,0x48,0x8b,0x85,0x18,0xf4,0xff,0xff,0x4c,0x8b,0xa0,0x28,0x01,
    0x00,0x00,0x48,0x63,0x85,0x30,0xf4,0xff,0xff,0x48,0xc1,0xe0,0x03,0x48,0x89,0x85,
    0xf0,0xf3,0xff,0xff,0x48,0x8d,0x85,0x44,0xf4,0xff,0xff,0x48,0x89,0x85,0x00,0xf4,
    0xff,0xff,0x4d,0x85,0xe4,0x0f,0x85,0x34,0x01,0x00,0x00,0xe9,0xbd,0x01,0x00,0x00,
    0x2d,0x00,0x00,0x00,0x40,0x89,0xc2,0x83,0xe0,0x1f,0xc1,0xfa,0x05,0x48,0xc1,0xe0,
    0x05,0x48,0x63,0xd2,0x48,0xc1,0xe2,0x04,0x48,0x03,0x91,0xd0,0x00,0x00,0x00,0x48,
    0x03,0x02,0x48,0x89,0xc3,0x83,0x7b,0x04,0xff,0x0f,0x85,0x4a,0x10,0x00,0x00,0x41,
    0x8b,0x44,0x24,0x08,0x41,0x83,0x7c,0x24,0x10,0xff,0x4d,0x8d,0x4c,0x24,0x0c,0x89,
    0x85,0x44,0xf4,0xff,0xff,0x75,0x0c,0x41,0x80,0x7c,0x24,0x0c,0x00,0x0f,0x84,0x1e,
    0x11,0x00,0x00,0x48,0x63,0x8d,0x44,0xf4,0xff,0xff,0x48,0x8b,0xbd,0x18,0xf4,0xff,
    0xff,0x31,0xd2,0x4c,0x89,0x8d,0x08,0xf4,0xff,0xff,0x48,0x89,0xc8,0x89,0x8d,0x10,
    0xf4,0xff,0xff,0x48,0xf7,0xb7,0x38,0x02,0x00,0x00,0x48,0x81,0xc7,0x30,0x02,0x00,
    0x00,0x48,0x89,0xd6,0x48,0x8b,0x95,0x00,0xf4,0xff,0xff,0xe8,0x30,0x8f,0x00,0x00,
    0x48,0x85,0xc0,0x0f,0x84,0xe7,0x00,0x00,0x00,0x4c,0x8b,0x38,0x4d,0x85,0xff,0x0f,
    0x84,0xdb,0x00,0x00,0x00,0x4c,0x8b,0x8d,0x08,0xf4,0xff,0xff,0x44,0x8b,0x85,0x10,
    0xf4,0xff,0xff,0x4c,0x89,0xf7,0x48,0x8b,0x8d,0x38,0xf4,0xff,0xff,0x41,0x8b,0x51,
    0x08,0x41,0x8b,0x71,0x04,0x44,0x8b,0x0b,0xe8,0x23,0xa2,0xff,0xff,0x83,0x7b,0x04,
    0xff,0x0f,0x84,0xc9,0x00,0x00,0x00,0x4d,0x8b,0x4f,0x18,0x48,0x8d,0x4b,0x04,0x4c,
    0x89,0xf7,0x4c,0x8b,0x85,0x00,0xf4,0xff,0xff,0x48,0x8b,0x95,0xf8,0xf3,0xff,0xff,
    0x48,0x8b,0xb5,0xe8,0xf3,0xff,0xff,0xe8,0x44,0x08,0x88,0xfe,0x84,0xc0,0x0f,0x84,
    0x4e,0x10,0x00,0x00,0x83,0x7b,0x04,0xff,0x0f,0x85,0x25,0x10,0x00,0x00,0x41,0x8b,
    0x75,0x00,0x4c,0x89,0xf7,0xe8,0xa6,0x7b,0xff,0xff,0x84,0xc0,0x0f,0x84,0x6e,0x10,
    0x00,0x00,0x4d,0x8b,0x24,0x24,0x4d,0x85,0xe4,0x0f,0x84,0x8e,0x00,0x00,0x00,0x4d,
    0x8d,0x6c,0x24,0x08,0x8b,0x95,0x30,0xf4,0xff,0xff,0x4c,0x89,0xf7,0x4c,0x89,0xee,
    0xe8,0x2b,0x6c,0xb7,0xfd,0x49,0x8b,0x96,0x80,0x00,0x00,0x00,0x48,0x8b,0x9d,0xf0,
    0xf3,0xff,0xff,0x48,0x8b,0x0c,0x1a,0x3d,0xff,0xff,0xff,0x3f,0x0f,0x8f,0x9e,0xfe,
    0xff,0xff,0x48,0x98,0x48,0xc1,0xe0,0x05,0x48,0x03,0x81,0xb8,0x00,0x00,0x00,0x48,
    0x89,0xc3,0xe9,0xae,0xfe,0xff,0xff,0x66,0x0f,0x1f,0x84,0x00,0x00,0x00,0x00,0x00,
    0x48,0x8d,0x0d,0x79,0x07,0xff,0x01,0xba,0x78,0x05,0x00,0x00,0x48,0x8d,0x35,0xc5,
    0x54,0x05,0x01,0x48,0x8d,0x3d,0xde,0x5e,0x05,0x01,0xe8,0xa1,0xce,0x15,0x00,0x90,
    0xba,0x01,0x00,0x00,0x00,0x4c,0x89,0xee,0x4c,0x89,0xf7,0xe8,0xb0,0x60,0x3e,0x00,
    0x4d,0x8b,0x24,0x24,0x4d,0x85,0xe4,0x0f,0x85,0x72,0xff,0xff,0xff,0x48,0x8b,0x85,
    0x18,0xf4,0xff,0xff,0x48,0x8b,0x98,0x60,0x01,0x00,0x00,0x48,0x63,0x85,0x30,0xf4,
    0xff,0xff,0x48,0xc1,0xe0,0x03,0x48,0x89,0x85,0x00,0xf4,0xff,0xff,0x48,0x85,0xdb,
    0x0f,0x84,0x82,0x01,0x00,0x00,0x48,0x8d,0x85,0x48,0xf4,0xff,0xff,0x48,0x89,0x85,
    0x08,0xf4,0xff,0xff,0x48,0x8d,0x85,0x50,0xf4,0xff,0xff,0x48,0x89,0x85,0xe8,0xf3,
    0xff,0xff,0xe9,0x0e,0x01,0x00,0x00,0x66,0x0f,0x1f,0x84,0x00,0x00,0x00,0x00,0x00,
    0x2d,0x00,0x00,0x00,0x40,0x89,0xc2,0x83,0xe0,0x1f,0xc1,0xfa,0x05,0x48,0xc1,0xe0,
    0x05,0x48,0x63,0xd2,0x48,0xc1,0xe2,0x04,0x48,0x03,0x91,0xd0,0x00,0x00,0x00,0x48,
    0x03,0x02,0x49,0x89,0xc7,0x8b,0x43,0x08,0x48,0x8b,0xb5,0x08,0xf4,0xff,0xff,0x4c,
    0x8d,0x6b,0x0c,0x89,0x85,0x48,0xf4,0xff,0xff,0x48,0x8b,0x85,0x18,0xf4,0xff,0xff,
    0x48,0x8d,0xb8,0x68,0x02,0x00,0x00,0xe8,0x04,0x86,0x00,0x00,0x49,0x89,0xc4,0x48,
    0x85,0xc0,0x0f,0x84,0x4f,0x0e,0x00,0x00,0x83,0x7b,0x10,0xff,0x75,0x0a,0x83,0x7b,
    0x14,0xff,0x0f,0x84,0xb0,0x0b,0x00,0x00,0x41,0x8b,0x55,0x08,0x41,0x8b,0x75,0x04,
    0x4c,0x89,0xf7,0x45,0x8b,0x0f,0x44,0x8b,0x85,0x48,0xf4,0xff,0xff,0x48,0x8b,0x8d,
    0x38,0xf4,0xff,0xff,0xe8,0x57,0xa0,0xff,0xff,0x41,0x83,0x7f,0x04,0xff,0x0f,0x84,
    0x2d,0x0b,0x00,0x00,0x80,0x7b,0x18,0x00,0x0f,0x85,0x0a,0x0a,0x00,0x00,0x49,0x8b,
    0x44,0x24,0x20,0x48,0x83,0xf8,0x01,0x0f,0x8e,0x53,0x0b,0x00,0x00,0x48,0x83,0xec,
    0x08,0x45,0x8b,0x4c,0x24,0x18,0x45,0x8b,0x44,0x24,0x14,0x49,0x8d,0x4c,0x24,0x10,
    0x50,0x48,0x8b,0x95,0x08,0xf4,0xff,0xff,0x4c,0x89,0xf7,0x48,0x8b,0xb5,0xf8,0xf3,
    0xff,0xff,0xe8,0x99,0xfd,0x87,0xfe,0x41,0x83,0x7f,0x04,0xff,0x59,0x5e,0x0f,0x84,
    0x20,0x0e,0x00,0x00,0x48,0x8b,0x85,0x10,0xf4,0xff,0xff,0x4c,0x89,0xf7,0x8b,0x30,
    0xe8,0xbb,0x79,0xff,0xff,0x84,0xc0,0x0f,0x84,0xe5,0x0e,0x00,0x00,0x48,0x8b,0x1b,
    0x48,0x85,0xdb,0x74,0x53,0x48,0x8d,0x43,0x08,0x8b,0x95,0x30,0xf4,0xff,0xff,0x4c,
    0x89,0xf7,0x48,0x89,0xc6,0x48,0x89,0x85,0x10,0xf4,0xff,0xff,0xe8,0x3f,0x6a,0xb7,
    0xfd,0x49,0x8b,0x96,0x80,0x00,0x00,0x00,0x48,0x8b,0x8d,0x00,0xf4,0xff,0xff,0x48,
    0x8b,0x0c,0x0a,0x3d,0xff,0xff,0xff,0x3f,0x0f,0x8f,0xc2,0xfe,0xff,0xff,0x48,0x98,
    0x48,0xc1,0xe0,0x05,0x48,0x03,0x81,0xb8,0x00,0x00,0x00,0x49,0x89,0xc7,0xe9,0xd2,
    0xfe,0xff,0xff,0x0f,0x1f,0x44,0x00,0x00,0x48,0x8b,0x9d,0x18,0xf4,0xff,0xff,0x48,
    0x63,0x85,0x30,0xf4,0xff,0xff,0x4c,0x8b,0xab,0x98,0x01,0x00,0x00,0x4c,0x8d,0x3c,
    0xc5,0x00,0x00,0x00,0x00,0x48,0x8d,0x83,0xa0,0x02,0x00,0x00,0x48,0x89,0x85,0x10,
    0xf4,0xff,0xff,0x4d,0x85,0xed,0x0f,0x85,0xed,0x07,0x00,0x00,0x0f,0x1f,0x40,0x00,
    0x48,0x8b,0x85,0x18,0xf4,0xff,0xff,0x4c,0x8b,0xa0,0xd0,0x01,0x00,0x00,0x48,0x63,
    0x85,0x30,0xf4,0xff,0xff,0x48,0xc1,0xe0,0x03,0x48,0x89,0x85,0xf8,0xf3,0xff,0xff,
    0x4d,0x85,0xe4,0x0f,0x84,0xa9,0x04,0x00,0x00,0x48,0x8d,0x85,0xc0,0xf4,0xff,0xff,
    0x48,0x89,0x85,0xf0,0xf3,0xff,0xff,0x48,0x83,0xc0,0x08,0x48,0x89,0x85,0xe8,0xf3,
    0xff,0xff,0x66,0x0f,0x1f,0x44,0x00,0x00,0x49,0x8d,0x44,0x24,0x08,0x8b,0x95,0x30,
    0xf4,0xff,0xff,0x4c,0x89,0xf7,0x48,0x89,0xc6,0x48,0x89,0x85,0x08,0xf4,0xff,0xff,
    0xe8,0x6b,0x69,0xb7,0xfd,0x49,0x8b,0x96,0x80,0x00,0x00,0x00,0x48,0x8b,0x9d,0xf8,
    0xf3,0xff,0xff,0x48,0x8b,0x0c,0x1a,0x3d,0xff,0xff,0xff,0x3f,0x0f,0x8e,0x7e,0x08,
    0x00,0x00,0x2d,0x00,0x00,0x00,0x40,0x89,0xc2,0x83,0xe0,0x1f,0xc1,0xfa,0x05,0x48,
    0xc1,0xe0,0x05,0x48,0x63,0xd2,0x48,0xc1,0xe2,0x04,0x48,0x03,0x91,0xd0,0x00,0x00,
    0x00,0x48,0x03,0x02,0x49,0x89,0xc7,0x49,0x8d,0x44,0x24,0x0c,0x48,0x8d,0xb5,0x4c,
    0xf4,0xff,0xff,0x48,0x89,0x85,0x10,0xf4,0xff,0xff,0x41,0x8b,0x44,0x24,0x08,0x48,
    0x89,0xb5,0x00,0xf4,0xff,0xff,0x89,0x85,0x4c,0xf4,0xff,0xff,0x48,0x8b,0x85,0x18,
    0xf4,0xff,0xff,0x48,0x8d,0xb8,0xd8,0x02,0x00,0x00,0xe8,0xc1,0x84,0x00,0x00,0x48,
    0x89,0xc3,0x48,0x85,0xc0,0x0f,0x84,0x4b,0x0c,0x00,0x00,0x4c,0x8b,0xad,0x20,0xf4,
    0xff,0xff,0x48,0x8d,0x70,0x10,0x4c,0x89,0xef,0xe8,0x82,0x59,0xc3,0xfd,0x48,0x8d,
    0x73,0x28,0x49,0x8d,0x7d,0x18,0xe8,0x75,0x59,0xc3,0xfd,0x8b,0x43,0x40,0x48,0x8d,
    0x73,0x58,0x49,0x8d,0x7d,0x48,0x89,0x85,0x60,0xf5,0xff,0xff,0x48,0x8b,0x43,0x44,
    0x48,0x89,0x85,0x64,0xf5,0xff,0xff,0x48,0x8b,0x43,0x4c,0x48,0x89,0x85,0x6c,0xf5,
    0xff,0xff,0xe8,0x49,0x59,0xc3,0xfd,0x48,0x8d,0x73,0x70,0x49,0x8d,0x7d,0x60,0xe8,
    0x3c,0x59,0xc3,0xfd,0x48,0x8d,0xb3,0x88,0x00,0x00,0x00,0x49,0x8d,0x7d,0x78,0xe8,
    0x2c,0x59,0xc3,0xfd,0x8b,0x83,0xa0,0x00,0x00,0x00,0x48,0x8b,0xb3,0xc8,0x00,0x00,
    0x00,0x48,0xb9,0xb7,0x6d,0xdb,0xb6,0x6d,0xdb,0xb6,0x6d,0x89,0x85,0xc0,0xf5,0xff,
    0xff,0x48,0x8b,0x83,0xa8,0x00,0x00,0x00,0x49,0x89,0xf5,0x4c,0x2b,0xab,0xc0,0x00,
    0x00,0x00,0x48,0x89,0x85,0xc8,0xf5,0xff,0xff,0x8b,0x83,0xb0,0x00,0x00,0x00,0x89,
    0x85,0xd0,0xf5,0xff,0xff,0x48,0x8b,0x83,0xb4,0x00,0x00,0x00,0x48,0x89,0x85,0xd4,
    0xf5,0xff,0xff,0x8b,0x83,0xbc,0x00,0x00,0x00,0x48,0xc7,0x85,0xe0,0xf5,0xff,0xff,
    0x00,0x00,0x00,0x00,0x89,0x85,0xdc,0xf5,0xff,0xff,0x4c,0x89,0xe8,0x48,0xc7,0x85,
    0xe8,0xf5,0xff,0xff,0x00,0x00,0x00,0x00,0x48,0xc1,0xf8,0x02,0x48,0xc7,0x85,0xf0,
    0xf5,0xff,0xff,0x00,0x00,0x00,0x00,0x48,0x0f,0xaf,0xc1,0x48,0x85,0xc0,0x74,0x22,
    0x48,0xb9,0x24,0x49,0x92,0x24,0x49,0x92,0x24,0x09,0x48,0x39,0xc8,0x0f,0x87,0x1c,
    0x0c,0x00,0x00,0x4c,0x89,0xef,0xe8,0x25,0xcf,0x86,0xfd,0x48,0x8b,0xb3,0xc8,0x00,
    0x00,0x00,0x49,0x01,0xc5,0x48,0x89,0x85,0xe0,0xf5,0xff,0xff,0x48,0x89,0x85,0xe8,
    0xf5,0xff,0xff,0x4c,0x89,0xad,0xf0,0xf5,0xff,0xff,0x48,0x8b,0xbb,0xc0,0x00,0x00,
    0x00,0x48,0x39,0xfe,0x74,0x68,0x48,0x89,0xfa,0x48,0x89,0xc1,0x0f,0x1f,0x40,0x00,
    0xf3,0x0f,0x6f,0x02,0x48,0x83,0xc2,0x1c,0x48,0x83,0xc1,0x1c,0x0f,0x11,0x41,0xe4,
    0x4c,0x8b,0x42,0xf4,0x4c,0x89,0x41,0xf4,0x44,0x8b,0x42,0xfc,0x44,0x89,0x41,0xfc,
    0x48,0x39,0xd6,0x75,0xdb,0x48,0xb9,0xb7,0x6d,0xdb,0xb6,0x6d,0xdb,0xb6,0x2d,0x48,
    0x29,0xfe,0x48,0x8d,0x56,0xe4,0x48,0xc1,0xea,0x02,0x48,0x0f,0xaf,0xd1,0x48,0xb9,
    0xff,0xff,0xff,0xff,0xff,0xff,0xff,0x3f,0x48,0x21,0xca,0x48,0x83,0xc2,0x01,0x48,
    0x8d,0x0c,0xd5,0x00,0x00,0x00,0x00,0x48,0x29,0xd1,0x48,0x8d,0x04,0x88,0x48,0x89,
    0x85,0xe8,0xf5,0xff,0xff,0x48,0x8b,0x83,0xd8,0x00,0x00,0x00,0x48,0x89,0x85,0xf8,
    0xf5,0xff,0xff,0x41,0x83,0x7c,0x24,0x10,0xff,0x75,0x0c,0x41,0x83,0x7c,0x24,0x14,
    0xff,0x0f,0x84,0x09,0x08,0x00,0x00,0x48,0x8b,0x85,0x10,0xf4,0xff,0xff,0x45,0x8b,
    0x0f,0x4c,0x89,0xf7,0x44,0x8b,0x85,0x4c,0xf4,0xff,0xff,0x48,0x8b,0x8d,0x38,0xf4,
    0xff,0xff,0x8b,0x50,0x08,0x8b,0x70,0x04,0xe8,0x73,0x9c,0xff,0xff,0x41,0x83,0x7f,
    0x04,0xff,0x0f,0x84,0x08,0x06,0x00,0x00,0x41,0x0f,0xb6,0x5c,0x24,0x0c,0x84,0xdb,
    0x0f,0x85,0xfa,0x05,0x00,0x00,0x8b,0x95,0x4c,0xf4,0xff,0xff,0x48,0x8b,0xbd,0xf0,
    0xf3,0xff,0xff,0x4c,0x89,0xf6,0xe8,0x35,0xa2,0x00,0x00,0x4c,0x8d,0xad,0xa0,0xf4,
    0xff,0xff,0x49,0x8d,0x57,0x04,0x45,0x31,0xc0,0x31,0xc9,0x4c,0x89,0xf6,0x4c,0x89,
    0xef,0xe8,0x6a,0xef,0x6f,0xfe,0x48,0x8b,0x85,0x20,0xf4,0xff,0xff,0x4c,0x89,0xee,
    0x48,0x8d,0x78,0x60,0xe8,0xe7,0x78,0xff,0xff,0x48,0x8b,0xbd,0xa0,0xf4,0xff,0xff,
    0x48,0x85,0xff,0x74,0x05,0xe8,0xc6,0xcd,0x86,0xfd,0x48,0x8b,0x85,0x90,0xf5,0xff,
    0xff,0x48,0x39,0x85,0x98,0xf5,0xff,0xff,0x0f,0x84,0x52,0x08,0x00,0x00,0xe8,0xfd,
    0x63,0x3b,0x00,0x48,0x8b,0xb5,0xe8,0xf3,0xff,0xff,0x48,0x8b,0xbd,0xc0,0xf4,0xff,
    0xff,0x48,0x8d,0x15,0x40,0x2c,0xb9,0x02,0xe8,0xd3,0x4b,0x3e,0x00,0x41,0x80,0x7c,
    0x24,0x18,0x00,0x0f,0x85,0x1f,0x05,0x00,0x00,0x48,0xc7,0xc0,0xff,0xff,0xff,0xff,
    0x48,0xc7,0x85,0xd8,0xf4,0xff,0xff,0x00,0x00,0x00,0x00,0x48,0x89,0x85,0xc0,0xf4,
    0xff,0xff,0x89,0x85,0xc8,0xf4,0xff,0xff,0xb8,0xff,0xff,0xff,0xff,0x48,0x89,0x85,
    0xcc,0xf4,0xff,0xff,0x48,0x8b,0x85,0x30,0xf5,0xff,0xff,0x48,0xc7,0x85,0xe0,0xf4,
    0xff,0xff,0x00,0x00,0x00,0x00,0x48,0xc7,0x85,0xe8,0xf4,0xff,0xff,0x00,0x00,0x00,
    0x00,0x48,0x39,0x85,0x38,0xf5,0xff,0xff,0x0f,0x84,0x62,0x07,0x00,0x00,0x48,0x8b,
    0x85,0xf0,0xf3,0xff,0xff,0x48,0x8b,0xb5,0x20,0xf4,0xff,0xff,0x48,0x8d,0x78,0x18,
    0xe8,0x9b,0x7e,0xc3,0xfd,0x48,0x8b,0x85,0x20,0xf4,0xff,0xff,0x44,0x8b,0x85,0xc0,
    0xf5,0xff,0xff,0x4c,0x89,0xf7,0x48,0x8b,0x95,0xf0,0xf3,0xff,0xff,0x48,0x8b,0xb5,
    0x00,0xf4,0xff,0xff,0x48,0x8d,0x48,0x60,0xe8,0x53,0xdc,0x87,0xfe,0x48,0x8b,0xbd,
    0xd8,0xf4,0xff,0xff,0x48,0x85,0xff,0x74,0x05,0xe8,0xe2,0xcc,0x86,0xfd,0xbb,0x01,
    0x00,0x00,0x00,0x48,0x8b,0xbd,0xe0,0xf5,0xff,0xff,0x48,0x85,0xff,0x74,0x05,0xe8,
    0xcc,0xcc,0x86,0xfd,0x48,0x8b,0xbd,0xa8,0xf5,0xff,0xff,0x48,0x85,0xff,0x74,0x05,
    0xe8,0xbb,0xcc,0x86,0xfd,0x48,0x8b,0xbd,0x90,0xf5,0xff,0xff,0x48,0x85,0xff,0x74,
    0x05,0xe8,0xaa,0xcc,0x86,0xfd,0x48,0x8b,0xbd,0x78,0xf5,0xff,0xff,0x48,0x85,0xff,
    0x74,0x05,0xe8,0x99,0xcc,0x86,0xfd,0x48,0x8b,0xbd,0x48,0xf5,0xff,0xff,0x48,0x85,
    0xff,0x74,0x05,0xe8,0x88,0xcc,0x86,0xfd,0x48,0x8b,0xbd,0x30,0xf5,0xff,0xff,0x48,
    0x85,0xff,0x74,0x05,0xe8,0x77,0xcc,0x86,0xfd,0x84,0xdb,0x0f,0x84,0xaf,0x05,0x00,
    0x00,0x41,0x83,0x7f,0x04,0xff,0x0f,0x84,0x68,0x09,0x00,0x00,0x48,0x8b,0x85,0x08,
    0xf4,0xff,0xff,0x4c,0x89,0xf7,0x8b,0x30,0xe8,0x63,0x74,0xff,0xff,0x84,0xc0,0x0f,
    0x84,0x6e,0x09,0x00,0x00,0x4d,0x8b,0x24,0x24,0x4d,0x85,0xe4,0x0f,0x85,0x76,0xfb,
    0xff,0xff,0x48,0x8b,0x85,0x28,0xf4,0xff,0xff,0x48,0xc7,0x85,0x88,0xf4,0xff,0xff,
    0x00,0x00,0x00,0x00,0x4c,0x8d,0x2d,0x8d,0x43,0xb9,0x02,0x4c,0x8d,0xb5,0x80,0xf4,
    0xff,0xff,0x48,0xc7,0x85,0x90,0xf4,0xff,0xff,0x00,0x00,0x00,0x00,0x48,0x8b,0x80,
    0x30,0x01,0x00,0x00,0x48,0xc7,0x85,0x80,0xf4,0xff,0xff,0x00,0x00,0x00,0x00,0x4c,
    0x8b,0x60,0x08,0x48,0x8b,0x18,0x4c,0x39,0xe3,0x75,0x0e,0xeb,0x5e,0x0f,0x1f,0x00,
    0x48,0x83,0xc3,0x04,0x49,0x39,0xdc,0x74,0x52,0x48,0x8b,0x85,0x28,0xf4,0xff,0xff,
    0x48,0x8b,0x95,0x20,0xf4,0xff,0xff,0x48,0x89,0xde,0x4c,0x89,0xad,0x30,0xf5,0xff,
    0xff,0x48,0x8b,0x78,0x28,0xe8,0x26,0x04,0x3e,0x00,0x84,0xc0,0x74,0xd2,0x48,0x8b,
    0xb5,0x88,0xf4,0xff,0xff,0x48,0x3b,0xb5,0x90,0xf4,0xff,0xff,0x0f,0x84,0x1e,0x07,
    0x00,0x00,0x8b,0x03,0x48,0x83,0xc6,0x04,0x48,0x83,0xc3,0x04,0x89,0x46,0xfc,0x48,
    0x89,0xb5,0x88,0xf4,0xff,0xff,0x49,0x39,0xdc,0x75,0xae,0x48,0x8b,0x85,0x28,0xf4,
    0xff,0xff,0x48,0x8b,0x58,0x28,0x48,0x8b,0x38,0x48,0x89,0x9d,0x30,0xf4,0xff,0xff,
    0x48,0x8b,0x58,0x40,0x48,0x89,0x9d,0x20,0xf4,0xff,0xff,0xe8,0xf0,0xdd,0xd9,0xfd,
    0x8d,0xb0,0x2c,0x7d,0x00,0x00,0xb9,0xbd,0x06,0x6b,0x39,0xbf,0x73,0xb0,0x6d,0x16,
    0x41,0xba,0xcd,0xcc,0xcc,0xcc,0x8d,0x14,0xb5,0x03,0x00,0x00,0x00,0x89,0xd0,0xf7,
    0xe1,0x89,0xd1,0xc1,0xe9,0x0f,0x69,0xc1,0xb1,0x3a,0x02,0x00,0x8d,0x0c,0x89,0x8d,
    0x0c,0x89,0xc1,0xe8,0x02,0x29,0xc6,0x8d,0x14,0xb5,0x03,0x00,0x00,0x00,0x89,0xd0,
    0xf7,0xe7,0x89,0xd7,0xba,0xd7,0x80,0x2b,0xd6,0xc1,0xef,0x07,0x69,0xc7,0xb5,0x05,
    0x00,0x00,0xc1,0xe8,0x02,0x29,0xc6,0x44,0x8d,0x44,0xb6,0x02,0x83,0xc6,0x01,0x44,
    0x89,0xc0,0xf7,0xe2,0xc1,0xea,0x07,0x41,0x89,0xd1,0x69,0xd2,0x99,0x00,0x00,0x00,
    0x83,0xc2,0x02,0x89,0xd0,0x41,0xf7,0xe2,0x44,0x89,0xc0,0x45,0x8d,0x41,0x03,0xc1,
    0xea,0x02,0x29,0xd6,0xba,0x2b,0x80,0xd5,0x2a,0xf7,0xe2,0xc1,0xea,0x08,0x8d,0x04,
    0x52,0xc1,0xe0,0x02,0x41,0x29,0xc0,0x8d,0x84,0x8f,0x40,0xed,0xff,0xff,0x01,0xd0,
    0x44,0x0f,0xb7,0xe8,0x66,0x3d,0x77,0x05,0x0f,0x86,0x23,0x08,0x00,0x00,0x66,0x3d,
    0x0f,0x27,0x0f,0x87,0x28,0x08,0x00,0x00,0x66,0x85,0xf6,0x0f,0x84,0x31,0x08,0x00,
    0x00,0x66,0x83,0xfe,0x1f,0x0f,0x87,0x35,0x08,0x00,0x00,0x66,0x45,0x85,0xc0,0x0f,
    0x84,0x3d,0x08,0x00,0x00,0x66,0x41,0x83,0xf8,0x0c,0x0f,0x87,0x40,0x08,0x00,0x00,
    0x48,0x8b,0x85,0x28,0xf4,0xff,0xff,0x4c,0x8b,0xa5,0x88,0xf4,0xff,0xff,0x48,0x8b,
    0x58,0x20,0x4c,0x8b,0x70,0x18,0x4c,0x8b,0x78,0x10,0x48,0x89,0x9d,0x18,0xf4,0xff,
    0xff,0x48,0x8b,0x9d,0x80,0xf4,0xff,0xff,0x4c,0x39,0xe3,0x74,0x3f,0x0f,0x1f,0x00,
    0x8b,0x03,0x48,0x83,0xec,0x08,0x4c,0x8b,0x8d,0x30,0xf4,0xff,0xff,0x45,0x89,0xe8,
    0x48,0x8b,0x8d,0x20,0xf4,0xff,0xff,0x48,0x8b,0x95,0x18,0xf4,0xff,0xff,0x4c,0x89,
    0xf6,0x4c,0x89,0xff,0x50,0xe8,0xb6,0xa5,0x6d,0xfe,0x48,0x83,0xc3,0x04,0x58,0x5a,
    0x49,0x39,0xdc,0x75,0xcb,0x4c,0x8b,0xa5,0x80,0xf4,0xff,0xff,0x4d,0x85,0xe4,0x74,
    0x08,0x4c,0x89,0xe7,0xe8,0x17,0xca,0x86,0xfd,0x48,0x8b,0xbd,0x38,0xf4,0xff,0xff,
    0xe8,0x7b,0xdd,0x67,0xfe,0x48,0x8b,0xbd,0x60,0xf4,0xff,0xff,0x48,0x85,0xff,0x74,
    0x05,0xe8,0xfa,0xc9,0x86,0xfd,0x48,0x8b,0x85,0x28,0xf4,0xff,0xff,0x48,0x8b,0xb8,
    0x20,0x01,0x00,0x00,0x48,0x85,0xff,0x74,0x05,0xe8,0xd2,0x80,0xff,0xff,0x48,0x8b,
    0x85,0x28,0xf4,0xff,0xff,0x48,0x8b,0xb8,0x08,0x01,0x00,0x00,0x48,0x85,0xff,0x74,
    0x05,0xe8,0xca,0xc9,0x86,0xfd,0x48,0x8b,0x85,0x28,0xf4,0xff,0xff,0x48,0x8b,0xb8,
    0xf0,0x00,0x00,0x00,0x48,0x85,0xff,0x74,0x05,0xe8,0xb2,0xc9,0x86,0xfd,0x48,0x8b,
    0x45,0xc8,0x64,0x48,0x33,0x04,0x25,0x28,0x00,0x00,0x00,0x0f,0x85,0x62,0x07,0x00,
    0x00,0x48,0x8d,0x65,0xd8,0x5b,0x41,0x5c,0x41,0x5d,0x41,0x5e,0x41,0x5f,0x5d,0xc3,
    0x2d,0x00,0x00,0x00,0x40,0x89,0xc2,0x83,0xe0,0x1f,0xc1,0xfa,0x05,0x48,0xc1,0xe0,
    0x05,0x48,0x63,0xd2,0x48,0xc1,0xe2,0x04,0x48,0x03,0x91,0xd0,0x00,0x00,0x00,0x48,
    0x03,0x02,0x8b,0x53,0x0c,0x8b,0x73,0x08,0x4c,0x89,0xf7,0x44,0x8b,0x08,0x44,0x8b,
    0x03,0x48,0x8b,0x8d,0x38,0xf4,0xff,0xff,0xe8,0x93,0x97,0xff,0xff,0x41,0x8b,0x4c,
    0x24,0x10,0x45,0x8b,0x44,0x24,0x14,0x48,0x89,0xde,0x4c,0x89,0xf7,0x49,0x8d,0x54,
    0x24,0x0c,0x4d,0x8d,0x4c,0x24,0x18,0xe8,0x64,0xd3,0x87,0xfe,0x4d,0x8b,0x6d,0x00,
    0x4d,0x85,0xed,0x0f,0x84,0x17,0xf8,0xff,0xff,0x49,0x8d,0x5d,0x08,0x48,0x8b,0xbd,
    0x10,0xf4,0xff,0xff,0x48,0x89,0xde,0xe8,0x44,0x83,0x00,0x00,0x49,0x89,0xc4,0x48,
    0x85,0xc0,0x0f,0x84,0x4d,0x05,0x00,0x00,0x41,0x83,0x7d,0x10,0xff,0x75,0x07,0x41,
    0x83,0x7d,0x14,0xff,0x74,0x3a,0x8b,0x95,0x30,0xf4,0xff,0xff,0x48,0x89,0xde,0x4c,
    0x89,0xf7,0xe8,0xa9,0x61,0xb7,0xfd,0x49,0x8b,0x96,0x80,0x00,0x00,0x00,0x4a,0x8b,
    0x0c,0x3a,0x3d,0xff,0xff,0xff,0x3f,0x0f,0x8f,0x43,0xff,0xff,0xff,0x48,0x98,0x48,
    0xc1,0xe0,0x05,0x48,0x03,0x81,0xb8,0x00,0x00,0x00,0xe9,0x53,0xff,0xff,0xff,0x90,
    0x41,0x80,0x7d,0x18,0x00,0x75,0xbf,0x48,0x8d,0x0d,0x42,0xfe,0xfe,0x01,0xba,0x0b,
    0x06,0x00,0x00,0x48,0x8d,0x35,0x4e,0x4a,0x05,0x01,0x48,0x8d,0x3d,0x37,0x55,0x05,
    0x01,0xe8,0x2a,0xc4,0x15,0x00,0x66,0x2e,0x0f,0x1f,0x84,0x00,0x00,0x00,0x00,0x00,
    0x48,0x83,0xf8,0x01,0x0f,0x84,0x15,0x04,0x00,0x00,0x48,0x89,0xc7,0xe8,0xbe,0x74,
    0xff,0xff,0x48,0x89,0x85,0xf0,0xf4,0xff,0xff,0x48,0x89,0x9d,0xf8,0xf4,0xff,0xff,
    0xe9,0x51,0xed,0xff,0xff,0x0f,0x1f,0x00,0x48,0x8b,0x85,0x20,0xf4,0xff,0xff,0x4c,
    0x89,0xf7,0x48,0x8d,0x70,0x30,0xe8,0x55,0x34,0x26,0xfe,0x48,0x63,0xb5,0x68,0xf5,
    0xff,0xff,0x4c,0x89,0xf7,0x48,0x69,0xf6,0xb8,0x00,0x00,0x00,0x48,0x03,0x30,0xe8,
    0xac,0x9b,0x00,0x00,0x48,0x8b,0x50,0x08,0x48,0x2b,0x10,0x48,0xc1,0xfa,0x02,0x85,
    0xd2,0x0f,0x85,0xa2,0xfa,0xff,0xff,0x66,0x0f,0x1f,0x84,0x00,0x00,0x00,0x00,0x00,
    0x31,0xdb,0xe9,0x3c,0xfb,0xff,0xff,0x66,0x0f,0x1f,0x84,0x00,0x00,0x00,0x00,0x00,
    0x48,0x98,0x48,0xc1,0xe0,0x05,0x48,0x03,0x81,0xb8,0x00,0x00,0x00,0x49,0x89,0xc7,
    0xe9,0x92,0xf7,0xff,0xff,0x0f,0x1f,0x00,0x48,0x8b,0xb5,0xe8,0xf3,0xff,0xff,0x48,
    0x8b,0xbd,0xe0,0xf3,0xff,0xff,0x49,0x8d,0x44,0x24,0x10,0x48,0x8d,0x0d,0xb6,0x26,
    0xb9,0x02,0x48,0x89,0x85,0xf0,0xf3,0xff,0xff,0x48,0x89,0x8d,0x50,0xf4,0xff,0xff,
    0xe8,0xab,0x55,0xb7,0xfd,0x4c,0x63,0xe8,0x49,0x8d,0x74,0x24,0x10,0x4c,0x89,0xf7,
    0x44,0x89,0xea,0xe8,0x78,0x60,0xb7,0xfd,0x49,0x8b,0x96,0x80,0x00,0x00,0x00,0x4a,
    0x8b,0x0c,0xea,0x3d,0xff,0xff,0xff,0x3f,0x0f,0x8e,0xb2,0x01,0x00,0x00,0x2d,0x00,
    0x00,0x00,0x40,0x89,0xc2,0x83,0xe0,0x1f,0xc1,0xfa,0x05,0x48,0x8d,0x04,0x40,0x48,
    0x63,0xd2,0x48,0xc1,0xe0,0x04,0x48,0xc1,0xe2,0x04,0x48,0x03,0x91,0xd0,0x00,0x00,
    0x00,0x48,0x03,0x02,0x4d,0x63,0x6c,0x24,0x14,0x48,0x8b,0xbd,0xe0,0xf3,0xff,0xff,
    0x48,0x8d,0xb5,0x58,0xf4,0xff,0xff,0x4d,0x69,0xed,0xb8,0x00,0x00,0x00,0x4c,0x03,
    0x28,0x48,0x8d,0x05,0x20,0x26,0xb9,0x02,0x4c,0x89,0xad,0xf0,0xf3,0xff,0xff,0x48,
    0x89,0x85,0x58,0xf4,0xff,0xff,0xe8,0x25,0x55,0xb7,0xfd,0x48,0x8b,0xb5,0xf0,0xf3,
    0xff,0xff,0x89,0xc2,0x4c,0x89,0xf7,0x41,0x89,0xc5,0xe8,0xf1,0x5f,0xb7,0xfd,0x49,
    0x8b,0x8e,0x80,0x00,0x00,0x00,0x49,0x63,0xd5,0x48,0x8b,0x0c,0xd1,0x3d,0xff,0xff,
    0xff,0x3f,0x0f,0x8e,0x08,0x01,0x00,0x00,0x2d,0x00,0x00,0x00,0x40,0x89,0xc2,0x83,
    0xe0,0x1f,0xc1,0xfa,0x05,0x48,0x63,0xd2,0x48,0xc1,0xe2,0x04,0x48,0x03,0x91,0xd0,
    0x00,0x00,0x00,0x48,0x8d,0x0c,0x40,0x48,0x8b,0x02,0x48,0x8d,0x14,0xc8,0x48,0x8b,
    0x42,0x08,0x48,0x2b,0x02,0x48,0xc1,0xf8,0x02,0x85,0xc0,0x0f,0x85,0xdd,0xf4,0xff,
    0xff,0x48,0x8b,0xb5,0x10,0xf4,0xff,0xff,0xba,0x01,0x00,0x00,0x00,0x4c,0x89,0xf7,
    0xe8,0x7b,0x54,0x3e,0x00,0xe9,0x23,0xf5,0xff,0xff,0x66,0x0f,0x1f,0x44,0x00,0x00,
    0x48,0x8b,0xb5,0x08,0xf4,0xff,0xff,0xba,0x01,0x00,0x00,0x00,0x4c,0x89,0xf7,0xe8,
    0x5c,0x54,0x3e,0x00,0xe9,0x5c,0xfa,0xff,0xff,0x0f,0x1f,0x80,0x00,0x00,0x00,0x00,
    0x48,0x8b,0xbd,0xd8,0xf3,0xff,0xff,0xe8,0x94,0xd8,0xd9,0xfd,0xe9,0x9c,0xf4,0xff,
    0xff,0x0f,0x1f,0x80,0x00,0x00,0x00,0x00,0x80,0x7b,0x18,0x00,0x0f,0x85,0x46,0xf4,
    0xff,0xff,0x80,0x7b,0x0c,0x00,0x0f,0x85,0x3c,0xf4,0xff,0xff,0x48,0x8d,0x0d,0x9d,
    0xf9,0xfe,0x01,0xba,0x90,0x05,0x00,0x00,0x48,0x8d,0x35,0x09,0x48,0x05,0x01,0x48,
    0x8d,0x3d,0x72,0x52,0x05,0x01,0xe8,0xe5,0xc1,0x15,0x00,0x0f,0x1f,0x44,0x00,0x00,
    0x41,0x80,0x7c,0x24,0x18,0x00,0x0f,0x85,0xeb,0xf7,0xff,0xff,0x41,0x80,0x7c,0x24,
    0x0c,0x00,0x0f,0x85,0xdf,0xf7,0xff,0xff,0x48,0x8d,0x0d,0x81,0xf8,0xfe,0x01,0xba,
    0xad,0x05,0x00,0x00,0x48,0x8d,0x35,0xcd,0x47,0x05,0x01,0x48,0x8d,0x3d,0x36,0x52,
    0x05,0x01,0xe8,0xa9,0xc1,0x15,0x00,0x66,0x0f,0x1f,0x84,0x00,0x00,0x00,0x00,0x00,
    0x48,0x98,0x48,0x8d,0x14,0x40,0x48,0x8b,0x81,0xb8,0x00,0x00,0x00,0x48,0x8d,0x14,
    0xd0,0xe9,0x08,0xff,0xff,0xff,0x66,0x2e,0x0f,0x1f,0x84,0x00,0x00,0x00,0x00,0x00,
    0x48,0x98,0x48,0x8d,0x04,0x40,0x48,0xc1,0xe0,0x04,0x48,0x03,0x81,0xb8,0x00,0x00,
    0x00,0xe9,0x5e,0xfe,0xff,0xff,0x66,0x2e,0x0f,0x1f,0x84,0x00,0x00,0x00,0x00,0x00,
    0x48,0x8b,0x85,0x80,0xf5,0xff,0xff,0x48,0x39,0x85,0x78,0xf5,0xff,0xff,0x0f,0x84,
    0x84,0x00,0x00,0x00,0x8b,0x85,0x64,0xf5,0xff,0xff,0x8b,0x95,0x68,0xf5,0xff,0xff,
    0x8b,0xb5,0x70,0xf5,0xff,0xff,0x8b,0x8d,0x6c,0xf5,0xff,0xff,0x89,0x85,0xc4,0xf4,
    0xff,0xff,0x48,0x8b,0x85,0x20,0xf4,0xff,0xff,0x8b,0xbd,0x60,0xf5,0xff,0xff,0x89,
    0xb5,0xd0,0xf4,0xff,0xff,0x48,0x8d,0x70,0x48,0x48,0x8b,0x85,0xf0,0xf3,0xff,0xff,
    0x89,0x95,0xc8,0xf4,0xff,0xff,0x89,0xbd,0xc0,0xf4,0xff,0xff,0x48,0x8d,0x78,0x18,
    0x89,0x8d,0xcc,0xf4,0xff,0xff,0xe8,0xe5,0x76,0xc3,0xfd,0xe9,0x45,0xf8,0xff,0xff,
    0xe8,0xab,0x5b,0x3b,0x00,0x48,0x8b,0xb5,0xe8,0xf3,0xff,0xff,0x48,0x8b,0xbd,0xc0,
    0xf4,0xff,0xff,0x48,0x8d,0x15,0xee,0x23,0xb9,0x02,0xe8,0x81,0x43,0x3e,0x00,0xe9,
    0x5f,0xf8,0xff,0xff,0x0f,0x1f,0x40,0x00,0x83,0xbd,0x60,0xf5,0xff,0xff,0xff,0x8b,
    0x85,0x64,0xf5,0xff,0xff,0x8b,0x95,0x68,0xf5,0xff,0xff,0x8b,0xb5,0x70,0xf5,0xff,
    0xff,0x8b,0x8d,0x6c,0xf5,0xff,0xff,0x0f,0x85,0x6f,0xff,0xff,0xff,0x83,0xf8,0xff,
    0x0f,0x85,0x66,0xff,0xff,0xff,0x83,0xfa,0xff,0x0f,0x85,0x5d,0xff,0xff,0xff,0x89,
    0xd0,0x83,0xf9,0xff,0x0f,0x85,0x52,0xff,0xff,0xff,0x85,0xf6,0x0f,0x84,0xd3,0xf7,
    0xff,0xff,0x89,0xca,0x89,0xc8,0xe9,0x41,0xff,0xff,0xff,0x0f,0x1f,0x44,0x00,0x00,
    0x48,0xc7,0x85,0x20,0xf5,0xff,0xff,0x00,0x00,0x00,0x00,0x4c,0x8b,0x85,0x00,0xf4,
    0xff,0xff,0xe9,0x80,0xeb,0xff,0xff,0x66,0x0f,0x1f,0x84,0x00,0x00,0x00,0x00,0x00,
    0x48,0x8b,0xbb,0x20,0x01,0x00,0x00,0x48,0x85,0xff,0x0f,0x85,0xc9,0xfa,0xff,0xff,
    0xe9,0xc9,0xfa,0xff,0xff,0x0f,0x1f,0x00,0x48,0x8b,0xbd,0xf8,0xf3,0xff,0xff,0x48,
    0x89,0xda,0xe8,0xf9,0xe3,0xbf,0xfd,0xe9,0x2d,0xed,0xff,0xff,0x0f,0x1f,0x40,0x00,
    0x48,0x89,0xda,0x4c,0x89,0xf7,0xe8,0xe5,0xe3,0xbf,0xfd,0xe9,0x90,0xf8,0xff,0xff,
    0xc7,0x85,0x00,0xf6,0xff,0xff,0x00,0x00,0x00,0x80,0xe9,0x64,0xee,0xff,0xff,0x48,
    0x8b,0x85,0x38,0xf4,0xff,0xff,0x48,0xc7,0x85,0x20,0xf5,0xff,0xff,0x00,0x00,0x00,
    0x00,0x48,0x83,0xc0,0x30,0xe9,0xd8,0xfb,0xff,0xff,0x48,0x8d,0x0d,0xdf,0x08,0xff,
    0x01,0xba,0xb5,0x07,0x00,0x00,0x48,0x8d,0x35,0xeb,0x45,0x05,0x01,0x48,0x8d,0x3d,
    0x34,0x4f,0x05,0x01,0xe8,0xc7,0xbf,0x15,0x00,0x48,0x8d,0x0d,0xc0,0xf9,0xfe,0x01,
    0xba,0xe2,0x05,0x00,0x00,0x48,0x8d,0x35,0xcc,0x45,0x05,0x01,0x48,0x8d,0x3d,0x7f,
    0x5c,0x0d,0x01,0xe8,0xa8,0xbf,0x15,0x00,0x48,0x8d,0x0d,0xa1,0x08,0xff,0x01,0xba,
    0xb7,0x07,0x00,0x00,0x48,0x8d,0x35,0xad,0x45,0x05,0x01,0x48,0x8d,0x3d,0x36,0x4f,
    0x05,0x01,0xe8,0x89,0xbf,0x15,0x00,0x48,0x8d,0x0d,0x22,0xf7,0xfe,0x01,0xba,0x8c,
    0x05,0x00,0x00,0x48,0x8d,0x35,0x8e,0x45,0x05,0x01,0x48,0x8d,0x3d,0xc7,0x47,0x05,
    0x01,0xe8,0x6a,0xbf,0x15,0x00,0x48,0x8d,0x0d,0x23,0xf6,0xfe,0x01,0xba,0xaa,0x05,
    0x00,0x00,0x48,0x8d,0x35,0x6f,0x45,0x05,0x01,0x48,0x8d,0x3d,0xc0,0x48,0x05,0x01,
    0xe8,0x4b,0xbf,0x15,0x00,0x48,0x8d,0x0d,0x44,0xf9,0xfe,0x01,0xba,0x07,0x06,0x00,
    0x00,0x48,0x8d,0x35,0x50,0x45,0x05,0x01,0x48,0x8d,0x3d,0x79,0x48,0x05,0x01,0xe8,
    0x2c,0xbf,0x15,0x00,0x48,0x8d,0x0d,0x25,0xf9,0xfe,0x01,0xba,0xf9,0x05,0x00,0x00,
    0x48,0x8d,0x35,0x31,0x45,0x05,0x01,0x48,0x8d,0x3d,0xf9,0x5b,0x0d,0x01,0xe8,0x0d,
    0xbf,0x15,0x00,0x48,0x8d,0x0d,0x06,0xf9,0xfe,0x01,0xba,0xe7,0x05,0x00,0x00,0x48,
    0x8d,0x35,0x12,0x45,0x05,0x01,0x48,0x8d,0x3d,0xc5,0x5b,0x0d,0x01,0xe8,0xee,0xbe,
    0x15,0x00,0x48,0x8d,0x0d,0xa7,0xf7,0xfe,0x01,0xba,0x80,0x05,0x00,0x00,0x48,0x8d,
    0x35,0xf3,0x44,0x05,0x01,0x48,0x8d,0x3d,0x6a,0xfe,0x0a,0x01,0xe8,0xcf,0xbe,0x15,
    0x00,0x48,0x8d,0x0d,0x88,0xf7,0xfe,0x01,0xba,0x75,0x05,0x00,0x00,0x48,0x8d,0x35,
    0xd4,0x44,0x05,0x01,0x48,0x8d,0x3d,0xa5,0x4e,0x05,0x01,0xe8,0xb0,0xbe,0x15,0x00,
    0x48,0x8d,0x0d,0xa9,0xf8,0xfe,0x01,0xba,0xe8,0x05,0x00,0x00,0x48,0x8d,0x35,0xb5,
    0x44,0x05,0x01,0x48,0x8d,0x3d,0xf6,0x4e,0x05,0x01,0xe8,0x91,0xbe,0x15,0x00,0xe8,
    0xfc,0xc4,0x86,0xfd,0x48,0x8d,0x0d,0x85,0xf8,0xfe,0x01,0xba,0x1c,0x06,0x00,0x00,
    0x48,0x8d,0x35,0x91,0x44,0x05,0x01,0x48,0x8d,0x3d,0x59,0x5b,0x0d,0x01,0xe8,0x6d,
    0xbe,0x15,0x00,0x48,0x8d,0x0d,0x66,0xf8,0xfe,0x01,0xba,0x1d,0x06,0x00,0x00,0x48,
    0x8d,0x35,0x72,0x44,0x05,0x01,0x48,0x8d,0x3d,0xb3,0x4e,0x05,0x01,0xe8,0x4e,0xbe,
    0x15,0x00,0x48,0x8d,0x0d,0x47,0xf8,0xfe,0x01,0xba,0xfa,0x05,0x00,0x00,0x48,0x8d,
    0x35,0x53,0x44,0x05,0x01,0x48,0x8d,0x3d,0x94,0x4e,0x05,0x01,0xe8,0x2f,0xbe,0x15,
    0x00,0x31,0xd2,0x44,0x89,0xee,0xbf,0x78,0x05,0x00,0x00,0xe8,0x70,0xe3,0xbf,0xfd,
    0xba,0x01,0x00,0x00,0x00,0x44,0x89,0xee,0xbf,0x78,0x05,0x00,0x00,0xe8,0x5e,0xe3,
    0xbf,0xfd,0x31,0xd2,0x31,0xf6,0xbf,0x01,0x00,0x00,0x00,0xe8,0x70,0xe4,0xbf,0xfd,
    0x0f,0xb7,0xf6,0xba,0x01,0x00,0x00,0x00,0xbf,0x01,0x00,0x00,0x00,0xe8,0x5e,0xe4,
    0xbf,0xfd,0x31,0xd2,0x31,0xf6,0xbf,0x01,0x00,0x00,0x00,0xe8,0x70,0xe5,0xbf,0xfd,
    0x41,0x0f,0xb7,0xf0,0xba,0x01,0x00,0x00,0x00,0xbf,0x01,0x00,0x00,0x00,0xe8,0x5d,
    0xe5,0xbf,0xfd,0xe8,0xc8,0xbd,0x86,0xfd,0x48,0x8d,0x0d,0xc1,0x06,0xff,0x01,0xba,
    0xaf,0x07,0x00,0x00,0x48,0x8d,0x35,0xcd,0x43,0x05,0x01,0x48,0x8d,0x3d,0x70,0x5a,
    0x0d,0x01,0xe8,0xa9,0xbd,0x15,0x00,0xf3,0x0f,0x1e,0xfa,0x48,0x89,0xc3,0xe9,0x8b,
    0xb1,0xa2,0xfd,0xf3,0x0f,0x1e,0xfa,0x48,0x89,0xc3,0xe9,0x92,0xb1,0xa2,0xfd,0xf3,
    0x0f,0x1e,0xfa,0x48,0x89,0xc3,0xe9,0xff,0xb1,0xa2,0xfd,0xf3,0x0f,0x1e,0xfa,0x48,
    0x89,0xc3,0xe9,0x16,0xb2,0xa2,0xfd,0xf3,0x0f,0x1e,0xfa,0x48,0x89,0xc3,0xe9,0x1b,
    0xb2,0xa2,0xfd,0xf3,0x0f,0x1e,0xfa,0x48,0x89,0xc3,0xe9,0x44,0xb2,0xa2,0xfd,0xf3,
    0x0f,0x1e,0xfa,0x48,0x89,0xc3,0xe9,0x27,0xb2,0xa2,0xfd,0xf3,0x0f,0x1e,0xfa,0x48,
    0x89,0xc3,0xe9,0x73,0xb1,0xa2,0xfd,0xf3,0x0f,0x1e,0xfa,0x48,0x89,0xc3,0xe9,0x4a,
    0xb1,0xa2,0xfd,0xf3,0x0f,0x1e,0xfa,0xeb,0xf2,0xf3,0x0f,0x1e,0xfa,0xe9,0x37,0xb2,
    0xa2,0xfd,0xf3,0x0f,0x1e,0xfa,0x48,0x89,0xc3,0xe9,0xe3,0xb1,0xa2,0xfd,0xf3,0x0f,
    0x1e,0xfa,0x48,0x89,0xc3,0xe9,0x0a,0xb2,0xa2,0xfd,
};
constexpr unsigned char kMapContext5[] = {
    0x48,0x8b,0xbd,0x10,0xfb,0xff,0xff,0xe8,0x0e,0x3d,0x47,0x00,0x48,0x8b,0x85,0x98,
    0xfa,0xff,0xff,0x48,0x8b,0xb8,0x20,0x01,0x00,0x00,0x48,0x85,0xff,0x74,0x05,0xe8,
    0x86,0xc2,0x5c,0x02,0x48,0x8b,0x85,0x98,0xfa,0xff,0xff,0x48,0x8b,0xb8,0x08,0x01,
    0x00,0x00,0x48,0x85,0xff,0x74,0x05,0xe8,0x7e,0x0b,0xe4,0xff,0x48,0x8b,0x85,0x98,
    0xfa,0xff,0xff,0x48,0x8b,0xb8,0xf0,0x00,0x00,0x00,0x48,0x85,0xff,0x74,0x05,0xe8,
    0x66,0x0b,0xe4,0xff,0x48,0x89,0xdf,0xe8,0x7e,0x0b,0xe4,0xff,0x48,0x89,0xdf,0x4c,
    0x89,0xe3,0xe8,0x23,0x73,0x14,0x00,0xeb,0x48,0x48,0x8b,0xbd,0x10,0xfb,0xff,0xff,
    0xe8,0xa5,0x3c,0x47,0x00,0x48,0x8b,0xbd,0xb8,0xfa,0xff,0xff,0xe8,0x99,0x3c,0x47,
    0x00,0x48,0x8b,0xbd,0xc8,0xfa,0xff,0xff,0xe8,0x8d,0x3c,0x47,0x00,0x48,0x8b,0xbd,
    0xd0,0xfa,0xff,0xff,0xe8,0x81,0x3c,0x47,0x00,0x48,0x8b,0xbd,0xf0,0xfa,0xff,0xff,
    0xe8,0x75,0x3c,0x47,0x00,0x48,0x8b,0xbd,0xc0,0xfa,0xff,0xff,0xe8,0xd9,0xc1,0x20,
    0x00,0x48,0x8b,0xbd,0xf8,0xfa,0xff,0xff,0xe8,0x5d,0xe7,0x5d,0x02,0x48,0x8b,0xbd,
    0x10,0xfd,0xff,0xff,0x48,0x85,0xff,0x0f,0x84,0x3f,0xff,0xff,0xff,0xe8,0xe8,0x0a,
    0xe4,0xff,0xe9,0x35,0xff,0xff,0xff,0x48,0x8b,0xbd,0x10,0xfb,0xff,0xff,0xe8,0x37,
    0x3c,0x47,0x00,0xe9,0x24,0xff,0xff,0xff,0x0f,0xb6,0x45,0xb0,0x3c,0xff,0x74,0x15,
    0x48,0x8b,0xbd,0x78,0xfa,0xff,0xff,0x48,0x8d,0x15,0xec,0xb0,0x13,0x05,0x48,0x83,
    0xc7,0x08,0xff,0x14,0xc2,0x48,0x8b,0xbd,0x90,0xfe,0xff,0xff,0x48,0x85,0xff,0x74,
    0x35,0xe8,0xa4,0x0a,0xe4,0xff,0xeb,0x2e,0x0f,0xb6,0x45,0xb0,0x3c,0xff,0x74,0x15,
    0x48,0x8b,0xbd,0x78,0xfa,0xff,0xff,0x48,0x8d,0x15,0xbc,0xb0,0x13,0x05,0x48,0x83,
    0xc7,0x08,0xff,0x14,0xc2,0x48,0x8b,0xbd,0x90,0xfe,0xff,0xff,0x48,0x85,0xff,0x74,
    0x05,0xe8,0x74,0x0a,0xe4,0xff,0x48,0x8b,0xbd,0x88,0xfa,0xff,0xff,0xe8,0x38,0xb4,
    0x5c,0x02,0x48,0x8b,0xbd,0xf8,0xfa,0xff,0xff,0xe8,0xbc,0x3b,0x47,0x00,0x48,0x8b,
    0xbd,0x30,0xfa,0xff,0xff,0xe8,0x20,0xc1,0x20,0x00,0x48,0x8b,0xbd,0xf0,0xfa,0xff,
    0xff,0xe8,0xa4,0x3b,0x47,0x00,0xe9,0x91,0xfe,0xff,0xff,0xe8,0x8a,0xa0,0x98,0x02,
    0xeb,0xc4,
};
constexpr unsigned char kMapContext6[] = {
    0x48,0x8b,0xbd,0x80,0xf4,0xff,0xff,0x48,0x85,0xff,0x74,0x13,0xe8,0x71,0x10,0xe4,
    0xff,0xeb,0x0c,0x48,0x8b,0xbd,0x20,0xf4,0xff,0xff,0xe8,0x23,0x6c,0x20,0x00,0x48,
    0x8b,0xbd,0x38,0xf4,0xff,0xff,0xe8,0xc7,0x23,0xc5,0x00,0x48,0x8b,0xbd,0x60,0xf4,
    0xff,0xff,0x48,0x85,0xff,0x74,0x05,0xe8,0x46,0x10,0xe4,0xff,0x48,0x8b,0x85,0x28,
    0xf4,0xff,0xff,0x48,0x8b,0xb8,0x20,0x01,0x00,0x00,0x48,0x85,0xff,0x74,0x05,0xe8,
    0x1e,0xc7,0x5c,0x02,0x48,0x8b,0x85,0x28,0xf4,0xff,0xff,0x48,0x8b,0xb8,0x08,0x01,
    0x00,0x00,0x48,0x85,0xff,0x74,0x05,0xe8,0x16,0x10,0xe4,0xff,0x48,0x8b,0x85,0x28,
    0xf4,0xff,0xff,0x48,0x8b,0xb8,0xf0,0x00,0x00,0x00,0x48,0x85,0xff,0x74,0x05,0xe8,
    0xfe,0x0f,0xe4,0xff,0x48,0x89,0xdf,0xe8,0x16,0x10,0xe4,0xff,0xe8,0x41,0xa6,0x98,
    0x02,0x48,0x8b,0xb5,0xf0,0xf3,0xff,0xff,0x48,0x8b,0xbd,0xc0,0xf4,0xff,0xff,0x48,
    0x8d,0x15,0x84,0x6e,0x16,0x05,0x48,0x83,0xc6,0x08,0xe8,0x13,0x8e,0x9b,0x02,0x48,
    0x8b,0xbd,0x20,0xf4,0xff,0xff,0xe8,0xf7,0x6b,0x20,0x00,0xe9,0x5f,0xff,0xff,0xff,
    0x48,0x8b,0xbd,0xd8,0xf4,0xff,0xff,0x48,0x85,0xff,0x74,0xe3,0xe8,0xb1,0x0f,0xe4,
    0xff,0xeb,0xdc,0x48,0x8b,0xbd,0x90,0xf5,0xff,0xff,0x48,0x85,0xff,0x74,0x05,0xe8,
    0x9e,0x0f,0xe4,0xff,0x48,0x8b,0xbd,0x78,0xf5,0xff,0xff,0x48,0x85,0xff,0x74,0x05,
    0xe8,0x8d,0x0f,0xe4,0xff,0x48,0x8b,0xbd,0x48,0xf5,0xff,0xff,0x48,0x85,0xff,0x74,
    0x05,0xe8,0x7c,0x0f,0xe4,0xff,0x48,0x8b,0xbd,0x30,0xf5,0xff,0xff,0x48,0x85,0xff,
    0x0f,0x85,0xf6,0xfe,0xff,0xff,0xe9,0x04,0xff,0xff,0xff,0x48,0x89,0xc7,0xe8,0xef,
    0x0c,0xe4,0xff,0x48,0x8b,0x85,0x10,0xf4,0xff,0xff,0x48,0x89,0x85,0x18,0xf5,0xff,
    0xff,0xe8,0xcc,0x13,0xe4,0xff,0xf3,0x0f,0x1e,0xfa,0x48,0x89,0xc3,0xe8,0xe0,0x0c,
    0xe4,0xff,0x48,0x89,0xdf,0xe8,0xc8,0x0c,0xe4,0xff,0x4c,0x89,0xe7,0xe8,0x30,0x0f,
    0xe4,0xff,0xe8,0xab,0x13,0xe4,0xff,0xf3,0x0f,0x1e,0xfa,0x48,0x89,0xc3,0xe8,0xbf,
    0x0c,0xe4,0xff,0xe9,0xb7,0xfe,0xff,0xff,
};
// PrepareSimPersonData must traverse the same captured maps as ApplySimPersonData.
constexpr unsigned char kMapPrepareContext0[] = {
    0x55,0x48,0x89,0xe5,0x41,0x57,0x49,0x89,0xff,0x41,0x56,0x49,0x89,0xf6,0x41,0x55,
    0x41,0x54,0x53,0x48,0x8d,0x9d,0x70,0xff,0xff,0xff,0x49,0x89,0xd9,0x48,0x81,0xec,
    0xa8,0x01,0x00,0x00,0x48,0x89,0xbd,0x98,0xfe,0xff,0xff,0x48,0x89,0xb5,0x30,0xfe,
    0xff,0xff,0x48,0x8b,0x31,0x48,0x89,0x95,0x90,0xfe,0xff,0xff,0x48,0x8b,0x51,0x08,
    0x31,0xc9,0x44,0x88,0x85,0x6f,0xfe,0xff,0xff,0x4c,0x8d,0x85,0xf8,0xfe,0xff,0xff,
    0x64,0x48,0x8b,0x04,0x25,0x28,0x00,0x00,0x00,0x48,0x89,0x45,0xc8,0x31,0xc0,0x48,
    0x8d,0x45,0x90,0x48,0x89,0x9d,0x80,0xfe,0xff,0xff,0x48,0x89,0xc7,0x48,0x89,0x85,
    0x88,0xfe,0xff,0xff,0x48,0x8d,0x85,0x10,0xff,0xff,0xff,0x50,0x48,0x89,0x85,0x60,
    0xfe,0xff,0xff,0x48,0x8d,0x85,0x30,0xff,0xff,0xff,0x50,0x48,0x89,0x85,0x38,0xfe,
    0xff,0xff,0x48,0x8d,0x85,0x04,0xff,0xff,0xff,0x50,0x48,0x8d,0x85,0x50,0xff,0xff,
    0xff,0x50,0x48,0x89,0x85,0x50,0xfe,0xff,0xff,0xe8,0x82,0x88,0x00,0x00,0x48,0x8d,
    0x05,0xa3,0x29,0xb9,0x02,0x48,0x83,0xc4,0x20,0x48,0x89,0xde,0x48,0x89,0x85,0x70,
    0xff,0xff,0xff,0x49,0x8d,0x47,0x48,0x48,0x89,0xc7,0x48,0x89,0x85,0x78,0xfe,0xff,
    0xff,0xe8,0x7a,0x40,0xb7,0xfd,0x49,0x8b,0x5e,0x10,0x89,0x85,0x68,0xfe,0xff,0xff,
    0x48,0x85,0xdb,0x0f,0x84,0x69,0x02,0x00,0x00,
};
constexpr unsigned char kMapPrepareContext1[] = {
    0xdb,0x0f,0x85,0xd2,0xfd,0xff,0xff,0x48,0x8b,0x85,0x30,0xfe,0xff,0xff,0x48,0x8b,
    0x58,0x48,0x48,0x85,0xdb,0x0f,0x84,0x88,0x01,0x00,0x00,0x48,0x8b,0x85,
};
constexpr unsigned char kMapPrepareContext2[] = {
    0xdb,0x0f,0x85,0xce,0xfe,0xff,0xff,0x48,0x8b,0x85,0x30,0xfe,0xff,0xff,0x48,0x8b,
    0x98,0x80,0x00,0x00,0x00,0x48,0x85,0xdb,0x0f,0x84,0xfd,0x03,0x00,0x00,0x48,0x8d,
    0x85,
};
constexpr unsigned char kMapPrepareContext3[] = {
    0xdb,0x0f,0x85,0x3d,0xfc,0xff,0xff,0x48,0x8b,0x85,0x30,0xfe,0xff,0xff,0x4c,0x8b,
    0xb0,0xb8,0x00,0x00,0x00,0x4d,0x85,0xf6,0x75,0x4b,0xe9,0x00,0x06,0x00,0x00,0x66,
    0x0f,
};
constexpr unsigned char kMapPrepareContext4[] = {
    0xf6,0x0f,0x85,0x46,0xfa,0xff,0xff,0x48,0x8b,0x85,0x30,0xfe,0xff,0xff,0x48,0x8b,
    0x98,0xf0,0x00,0x00,0x00,0x48,0x8d,0x85,0xe0,0xfe,0xff,0xff,0x48,0x89,0x85,0x58,
    0xfe,
};
constexpr unsigned char kMapPrepareContext5[] = {
    0x48,0x8b,0x1b,0x48,0x85,0xdb,0x0f,0x84,0x2e,0x02,0x00,0x00,
};
constexpr unsigned char kMapPrepareContext6[] = {
    0x48,0x8b,0x1b,0x48,0x85,0xdb,0x0f,0x85,0xd2,0xfd,0xff,0xff,
};
constexpr unsigned char kMapPrepareContext7[] = {
    0x48,0x8b,0x1b,0x48,0x85,0xdb,0x0f,0x84,0x32,0x01,0x00,0x00,
};
constexpr unsigned char kMapPrepareContext8[] = {
    0x48,0x8b,0x1b,0x48,0x85,0xdb,0x0f,0x85,0xce,0xfe,0xff,0xff,
};
constexpr unsigned char kMapPrepareContext9[] = {
    0x48,0x8b,0x1b,0x48,0x85,0xdb,0x0f,0x84,0xc3,0x03,0x00,0x00,
};
constexpr unsigned char kMapPrepareContext10[] = {
    0x48,0x8b,0x1b,0x48,0x85,0xdb,0x0f,0x85,0x3d,0xfc,0xff,0xff,
};
constexpr unsigned char kMapPrepareContext11[] = {
    0x4d,0x8b,0x36,0x4d,0x85,0xf6,0x0f,0x84,0xba,0x05,0x00,0x00,
};
constexpr unsigned char kMapPrepareContext12[] = {
    0x4d,0x8b,0x36,0x4d,0x85,0xf6,0x0f,0x85,0x46,0xfa,0xff,0xff,
};
constexpr unsigned char kMapPrepareContext13[] = {
    0x48,0x8b,0x1b,0x48,0x85,0xdb,0x0f,0x85,0x6e,0xf8,0xff,0xff,
};
constexpr unsigned char kMapPrepareContext14[] = {
    0x48,0x8b,0x1b,0x48,0x85,0xdb,0x0f,0x85,0xe1,0xf7,0xff,0xff,
};
constexpr MapContext kMapContexts[] = {
    {0x2e70960, kMapPrepareContext0, sizeof(kMapPrepareContext0)},
    {0x2e70cab, kMapPrepareContext1, sizeof(kMapPrepareContext1)},
    {0x2e70e47, kMapPrepareContext2, sizeof(kMapPrepareContext2)},
    {0x2e7125b, kMapPrepareContext3, sizeof(kMapPrepareContext3)},
    {0x2e71873, kMapPrepareContext4, sizeof(kMapPrepareContext4)},
    {0x2e70a78, kMapPrepareContext5, sizeof(kMapPrepareContext5)},
    {0x2e70ca6, kMapPrepareContext6, sizeof(kMapPrepareContext6)},
    {0x2e70d10, kMapPrepareContext7, sizeof(kMapPrepareContext7)},
    {0x2e70e42, kMapPrepareContext8, sizeof(kMapPrepareContext8)},
    {0x2e70e93, kMapPrepareContext9, sizeof(kMapPrepareContext9)},
    {0x2e71256, kMapPrepareContext10, sizeof(kMapPrepareContext10)},
    {0x2e712b4, kMapPrepareContext11, sizeof(kMapPrepareContext11)},
    {0x2e7186e, kMapPrepareContext12, sizeof(kMapPrepareContext12)},
    {0x2e7203e, kMapPrepareContext13, sizeof(kMapPrepareContext13)},
    {0x2e720cb, kMapPrepareContext14, sizeof(kMapPrepareContext14)},

    {0x2e73500, kMapContext0, sizeof(kMapContext0)},
    {0x2e6b110, kMapContext1, sizeof(kMapContext1)},
    {0x2e669c0, kMapContext2, sizeof(kMapContext2)},
    {0x2e673c0, kMapContext3, sizeof(kMapContext3)},
    {0x2e6e0c0, kMapContext4, sizeof(kMapContext4)},
    {0x89b116, kMapContext5, sizeof(kMapContext5)},
    {0x89ac4e, kMapContext6, sizeof(kMapContext6)},
};
constexpr MapSite kMapSites[] = {
    {0x2e73964, 7, 0, {0x49,0x89,0x97,0x20,0x01,0x00,0x00}},
    {0x2e673c9, 6, 0, {0x55,0x48,0x89,0xe5,0x41,0x55}},
    {0x2e6b24c, 10, 0, {0x89,0x85,0x6c,0xfb,0xff,0xff,0x4d,0x8b,0x6e,0x10}},
    {0x2e6b886, 11, 0, {0x48,0x8b,0x85,0x90,0xfb,0xff,0xff,0x48,0x8b,0x58,0x48}},
    {0x2e6bb70, 14, 0, {0x48,0x8b,0x85,0x90,0xfb,0xff,0xff,0x4c,0x8b,0xa0,0x80,0x00,0x00,0x00}},
    {0x2e6c1d5, 14, 0, {0x48,0x8b,0x85,0x90,0xfb,0xff,0xff,0x4c,0x8b,0xb0,0xb8,0x00,0x00,0x00}},
    {0x2e6cf57, 21, 0, {0x48,0x8b,0x85,0x90,0xfb,0xff,0xff,0x4c,0x8d,0xad,0x64,0xfc,0xff,0xff,0x48,0x8b,0x98,0xf0,0x00,0x00,0x00}},
    {0x2e6b879, 7, 4, {0x4d,0x8b,0x6d,0x00,0x4d,0x85,0xed}},
    {0x2e6b963, 6, 3, {0x48,0x8b,0x1b,0x48,0x85,0xdb}},
    {0x2e6c1c8, 7, 4, {0x4d,0x8b,0x24,0x24,0x4d,0x85,0xe4}},
    {0x2e6cf4b, 6, 3, {0x4d,0x8b,0x36,0x4d,0x85,0xf6}},
    {0x2e6d0a9, 8, 0, {0x48,0x8b,0x1b,0xe9,0xe1,0xfe,0xff,0xff}},
    {0x2e669c0, 14, 0, {0x55,0x31,0xd2,0x48,0x89,0xe5,0x41,0x57,0x41,0x56,0x41,0x55,0x41,0x54}},
    {0x2e70a36, 10, 0, {0x49,0x8b,0x5e,0x10,0x89,0x85,0x68,0xfe,0xff,0xff}},
    {0x2e70cb2, 11, 0, {0x48,0x8b,0x85,0x30,0xfe,0xff,0xff,0x48,0x8b,0x58,0x48}},
    {0x2e70e4e, 14, 0, {0x48,0x8b,0x85,0x30,0xfe,0xff,0xff,0x48,0x8b,0x98,0x80,0x00,0x00,0x00}},
    {0x2e71262, 14, 0, {0x48,0x8b,0x85,0x30,0xfe,0xff,0xff,0x4c,0x8b,0xb0,0xb8,0x00,0x00,0x00}},
    {0x2e7187a, 14, 0, {0x48,0x8b,0x85,0x30,0xfe,0xff,0xff,0x48,0x8b,0x98,0xf0,0x00,0x00,0x00}},
    {0x2e70a78, 6, 3, {0x48,0x8b,0x1b,0x48,0x85,0xdb}},
    {0x2e70ca6, 6, 3, {0x48,0x8b,0x1b,0x48,0x85,0xdb}},
    {0x2e70d10, 6, 3, {0x48,0x8b,0x1b,0x48,0x85,0xdb}},
    {0x2e70e42, 6, 3, {0x48,0x8b,0x1b,0x48,0x85,0xdb}},
    {0x2e70e93, 6, 3, {0x48,0x8b,0x1b,0x48,0x85,0xdb}},
    {0x2e71256, 6, 3, {0x48,0x8b,0x1b,0x48,0x85,0xdb}},
    {0x2e712b4, 6, 3, {0x4d,0x8b,0x36,0x4d,0x85,0xf6}},
    {0x2e7186e, 6, 3, {0x4d,0x8b,0x36,0x4d,0x85,0xf6}},
    {0x2e7203e, 6, 3, {0x48,0x8b,0x1b,0x48,0x85,0xdb}},
    {0x2e720cb, 6, 3, {0x48,0x8b,0x1b,0x48,0x85,0xdb}},
};
